attr1,attr2,attr3,attr4,attr5,attr6,attr7,attr8,attr9,attr10,attr11,attr12,attr13,attr14,attr15,attr16,attr17,attr18,attr19,attr20,attr21,attr22,attr23,attr24,attr25,attr26,attr27,attr28,attr29,attr30,attr31,attr32,attr33,attr34,attr35,attr36,attr37,attr38,attr39,attr40,attr41,attr42,attr43,attr44,attr45,attr46,attr47,attr48,attr49,attr50,attr51,attr52,attr53,attr54,attr55,attr56,attr57,attr58,attr59,attr60,class
Q2,Q3,Q3,Q1,Q3,Q3,Q3,Q3,Q4,Q3,Q2,Q2,Q2,Q1,Q1,Q2,Q2,Q2,Q3,Q2,Q2,Q2,Q1,Q2,Q2,Q2,Q2,Q3,Q2,Q1,Q1,Q1,Q3,Q4,Q4,Q4,Q4,Q4,Q4,Q2,Q1,Q3,Q3,Q4,Q4,Q3,Q3,Q4,Q2,Q4,Q4,Q1,Q2,Q4,Q2,Q4,Q4,Q3,Q3,Q2,R
Q4,Q4,Q4,Q4,Q4,Q4,Q4,Q4,Q4,Q4,Q4,Q4,Q4,Q4,Q4,Q4,Q4,Q4,Q4,Q3,Q2,Q1,Q1,Q1,Q1,Q1,Q1,Q1,Q1,Q1,Q2,Q2,Q1,Q2,Q1,Q3,Q3,Q1,Q2,Q2,Q2,Q1,Q1,Q2,Q1,Q1,Q1,Q2,Q2,Q1,Q2,Q2,Q2,Q1,Q3,Q4,Q4,Q2,Q2,Q2,R
Q3,Q4,Q4,Q4,Q3,Q4,Q4,Q4,Q4,Q4,Q4,Q4,Q4,Q4,Q4,Q4,Q4,Q4,Q4,Q4,Q3,Q3,Q1,Q1,Q2,Q1,Q1,Q3,Q2,Q4,Q4,Q3,Q1,Q2,Q3,Q2,Q4,Q4,Q4,Q4,Q4,Q3,Q2,Q3,Q3,Q1,Q3,Q2,Q1,Q1,Q1,Q4,Q4,Q3,Q4,Q4,Q4,Q4,Q3,Q3,R
Q1,Q2,Q4,Q1,Q1,Q1,Q3,Q3,Q1,Q2,Q1,Q2,Q1,Q2,Q2,Q2,Q1,Q1,Q2,Q2,Q1,Q1,Q2,Q1,Q1,Q1,Q1,Q1,Q1,Q1,Q3,Q4,Q4,Q2,Q3,Q2,Q4,Q4,Q4,Q4,Q4,Q4,Q3,Q4,Q4,Q4,Q4,Q4,Q3,Q4,Q4,Q3,Q1,Q4,Q3,Q3,Q2,Q2,Q2,Q4,R
Q4,Q4,Q3,Q2,Q2,Q1,Q3,Q4,Q4,Q4,Q4,Q4,Q4,Q4,Q3,Q3,Q4,Q3,Q1,Q2,Q2,Q2,Q2,Q1,Q1,Q1,Q2,Q4,Q3,Q2,Q3,Q3,Q2,Q1,Q2,Q3,Q3,Q3,Q2,Q2,Q2,Q2,Q2,Q1,Q1,Q1,Q1,Q1,Q1,Q1,Q3,Q1,Q2,Q3,Q3,Q1,Q3,Q2,Q4,Q4,R
Q3,Q3,Q2,Q1,Q1,Q3,Q3,Q4,Q3,Q4,Q3,Q4,Q4,Q4,Q4,Q4,Q4,Q4,Q3,Q2,Q1,Q1,Q2,Q1,Q1,Q2,Q2,Q1,Q1,Q2,Q3,Q3,Q2,Q2,Q1,Q2,Q3,Q3,Q3,Q3,Q3,Q3,Q1,Q1,Q2,Q2,Q1,Q2,Q1,Q1,Q2,Q1,Q1,Q1,Q1,Q3,Q2,Q1,Q2,Q3,R
Q3,Q4,Q4,Q4,Q4,Q4,Q1,Q3,Q3,Q4,Q2,Q1,Q1,Q3,Q4,Q4,Q3,Q3,Q1,Q2,Q3,Q4,Q4,Q2,Q1,Q2,Q2,Q2,Q1,Q1,Q3,Q4,Q2,Q1,Q2,Q3,Q4,Q3,Q4,Q4,Q4,Q2,Q2,Q2,Q2,Q1,Q3,Q3,Q3,Q2,Q3,Q4,Q4,Q3,Q2,Q4,Q3,Q4,Q1,Q4,R
Q4,Q4,Q4,Q2,Q4,Q2,Q2,Q1,Q2,Q4,Q3,Q3,Q3,Q3,Q4,Q3,Q2,Q1,Q3,Q4,Q3,Q2,Q2,Q4,Q3,Q3,Q3,Q2,Q1,Q1,Q1,Q1,Q1,Q3,Q3,Q1,Q2,Q3,Q3,Q2,Q1,Q2,Q2,Q2,Q3,Q4,Q3,Q1,Q2,Q2,Q1,Q2,Q3,Q1,Q3,Q3,Q3,Q2,Q2,Q2,R
Q2,Q3,Q3,Q3,Q3,Q1,Q1,Q1,Q1,Q2,Q1,Q2,Q4,Q3,Q2,Q1,Q1,Q3,Q4,Q4,Q4,Q4,Q2,Q1,Q1,Q2,Q4,Q3,Q2,Q1,Q1,Q2,Q2,Q2,Q3,Q2,Q2,Q2,Q1,Q3,Q2,Q2,Q2,Q1,Q2,Q3,Q3,Q3,Q4,Q4,Q1,Q3,Q3,Q3,Q2,Q2,Q3,Q3,Q2,Q1,R
Q2,Q2,Q3,Q1,Q1,Q1,Q2,Q1,Q1,Q1,Q1,Q1,Q1,Q1,Q1,Q1,Q2,Q2,Q2,Q2,Q2,Q3,Q4,Q4,Q4,Q2,Q3,Q3,Q3,Q3,Q3,Q3,Q2,Q1,Q1,Q1,Q1,Q1,Q1,Q1,Q1,Q1,Q2,Q2,Q1,Q2,Q2,Q2,Q1,Q3,Q2,Q2,Q4,Q4,Q3,Q2,Q1,Q1,Q2,Q2,R
Q1,Q1,Q1,Q2,Q1,Q1,Q1,Q1,Q1,Q1,Q1,Q1,Q1,Q1,Q1,Q1,Q1,Q1,Q1,Q1,Q1,Q1,Q1,Q2,Q2,Q2,Q3,Q3,Q4,Q4,Q4,Q4,Q4,Q4,Q3,Q3,Q3,Q3,Q3,Q3,Q2,Q1,Q1,Q1,Q3,Q2,Q1,Q2,Q1,Q1,Q1,Q1,Q3,Q1,Q2,Q3,Q2,Q1,Q2,Q2,R
Q1,Q3,Q1,Q2,Q1,Q1,Q1,Q1,Q2,Q1,Q1,Q1,Q2,Q2,Q2,Q2,Q1,Q2,Q3,Q3,Q3,Q4,Q2,Q1,Q2,Q3,Q4,Q3,Q2,Q2,Q2,Q1,Q2,Q2,Q2,Q2,Q3,Q4,Q3,Q2,Q2,Q1,Q1,Q1,Q1,Q2,Q2,Q1,Q1,Q3,Q3,Q3,Q4,Q4,Q2,Q4,Q1,Q3,Q1,Q2,R
Q1,Q1,Q1,Q2,Q1,Q1,Q1,Q2,Q2,Q2,Q1,Q1,Q2,Q3,Q3,Q2,Q3,Q3,Q3,Q4,Q4,Q4,Q4,Q3,Q2,Q1,Q1,Q1,Q1,Q1,Q1,Q1,Q1,Q2,Q2,Q3,Q3,Q1,Q1,Q1,Q1,Q1,Q1,Q1,Q1,Q1,Q3,Q2,Q1,Q4,Q3,Q4,Q3,Q2,Q3,Q1,Q2,Q2,Q2,Q2,R
Q1,Q1,Q2,Q3,Q4,Q4,Q3,Q2,Q1,Q3,Q2,Q3,Q4,Q3,Q3,Q3,Q3,Q1,Q2,Q2,Q1,Q2,Q2,Q1,Q2,Q3,Q3,Q3,Q2,Q2,Q3,Q3,Q2,Q3,Q4,Q4,Q3,Q1,Q3,Q4,Q3,Q2,Q2,Q4,Q3,Q3,Q1,Q2,Q1,Q1,Q3,Q1,Q2,Q4,Q3,Q4,Q4,Q2,Q4,Q4,R
Q1,Q3,Q4,Q3,Q2,Q1,Q1,Q1,Q2,Q3,Q2,Q2,Q3,Q2,Q1,Q2,Q3,Q3,Q3,Q3,Q2,Q2,Q1,Q1,Q2,Q4,Q3,Q1,Q1,Q1,Q1,Q2,Q3,Q2,Q2,Q3,Q4,Q3,Q4,Q4,Q3,Q3,Q3,Q3,Q2,Q2,Q1,Q1,Q3,Q2,Q1,Q2,Q2,Q4,Q4,Q2,Q4,Q4,Q4,Q3,R
Q3,Q4,Q4,Q4,Q4,Q4,Q4,Q4,Q2,Q1,Q3,Q4,Q3,Q3,Q3,Q3,Q3,Q3,Q2,Q3,Q1,Q1,Q1,Q4,Q4,Q1,Q1,Q2,Q3,Q2,Q3,Q4,Q4,Q4,Q4,Q4,Q4,Q3,Q3,Q3,Q3,Q3,Q1,Q3,Q3,Q3,Q3,Q2,Q3,Q1,Q3,Q1,Q4,Q2,Q4,Q3,Q4,Q2,Q4,Q3,R
Q3,Q1,Q2,Q3,Q3,Q3,Q4,Q3,Q2,Q4,Q3,Q2,Q2,Q1,Q3,Q3,Q2,Q1,Q1,Q2,Q1,Q2,Q2,Q1,Q1,Q2,Q3,Q2,Q3,Q4,Q3,Q2,Q4,Q4,Q4,Q4,Q4,Q4,Q1,Q4,Q4,Q4,Q4,Q3,Q4,Q4,Q4,Q2,Q1,Q4,Q4,Q4,Q4,Q4,Q3,Q2,Q3,Q1,Q3,Q3,R
Q2,Q4,Q3,Q4,Q4,Q2,Q1,Q1,Q2,Q2,Q1,Q2,Q3,Q4,Q3,Q4,Q3,Q3,Q3,Q3,Q2,Q2,Q3,Q3,Q2,Q1,Q1,Q1,Q1,Q1,Q1,Q3,Q4,Q3,Q2,Q4,Q4,Q4,Q3,Q3,Q4,Q4,Q3,Q2,Q2,Q3,Q2,Q3,Q3,Q3,Q4,Q4,Q3,Q3,Q3,Q1,Q2,Q2,Q4,Q3,R
Q3,Q1,Q1,Q2,Q2,Q2,Q2,Q3,Q1,Q2,Q2,Q2,Q1,Q1,Q2,Q3,Q4,Q3,Q2,Q1,Q2,Q2,Q2,Q2,Q3,Q4,Q4,Q4,Q3,Q4,Q4,Q4,Q4,Q4,Q4,Q4,Q4,Q4,Q3,Q1,Q2,Q2,Q2,Q2,Q2,Q3,Q2,Q2,Q2,Q2,Q1,Q2,Q1,Q1,Q2,Q1,Q4,Q4,Q3,Q4,R
Q1,Q1,Q4,Q4,Q4,Q4,Q4,Q4,Q4,Q4,Q4,Q4,Q4,Q4,Q4,Q4,Q4,Q4,Q4,Q4,Q4,Q4,Q3,Q2,Q1,Q2,Q2,Q1,Q1,Q1,Q1,Q1,Q1,Q1,Q1,Q1,Q1,Q2,Q3,Q3,Q3,Q1,Q1,Q2,Q2,Q1,Q1,Q1,Q2,Q2,Q3,Q2,Q1,Q3,Q3,Q1,Q4,Q3,Q4,Q3,R
Q4,Q4,Q4,Q4,Q4,Q4,Q4,Q4,Q4,Q4,Q3,Q3,Q2,Q1,Q1,Q2,Q3,Q3,Q3,Q3,Q4,Q3,Q4,Q3,Q1,Q1,Q1,Q1,Q1,Q3,Q4,Q4,Q4,Q4,Q4,Q4,Q4,Q4,Q4,Q4,Q4,Q2,Q2,Q3,Q3,Q3,Q1,Q1,Q2,Q2,Q2,Q4,Q3,Q2,Q1,Q2,Q2,Q3,Q1,Q1,R
Q4,Q4,Q4,Q2,Q2,Q2,Q1,Q3,Q3,Q2,Q3,Q4,Q4,Q2,Q2,Q3,Q3,Q3,Q3,Q2,Q1,Q1,Q1,Q1,Q1,Q1,Q1,Q1,Q3,Q4,Q4,Q4,Q4,Q4,Q4,Q4,Q4,Q4,Q4,Q4,Q4,Q4,Q4,Q4,Q3,Q2,Q3,Q3,Q3,Q3,Q2,Q3,Q4,Q1,Q1,Q1,Q1,Q4,Q4,Q3,R
Q1,Q3,Q2,Q2,Q3,Q3,Q4,Q4,Q1,Q3,Q2,Q2,Q3,Q1,Q2,Q2,Q2,Q2,Q1,Q1,Q1,Q1,Q1,Q1,Q1,Q1,Q1,Q1,Q3,Q3,Q2,Q4,Q4,Q4,Q3,Q4,Q4,Q4,Q4,Q4,Q4,Q4,Q4,Q4,Q4,Q4,Q4,Q4,Q4,Q4,Q4,Q4,Q3,Q3,Q4,Q4,Q1,Q4,Q4,Q4,R
Q1,Q1,Q1,Q1,Q1,Q3,Q2,Q1,Q1,Q1,Q1,Q1,Q1,Q1,Q2,Q2,Q3,Q3,Q2,Q2,Q2,Q1,Q1,Q1,Q1,Q1,Q3,Q4,Q4,Q4,Q4,Q4,Q4,Q4,Q3,Q4,Q3,Q3,Q1,Q1,Q1,Q2,Q3,Q4,Q3,Q3,Q2,Q3,Q4,Q2,Q2,Q2,Q1,Q2,Q2,Q1,Q1,Q2,Q3,Q2,R
Q3,Q4,Q3,Q1,Q2,Q2,Q2,Q1,Q1,Q1,Q1,Q1,Q1,Q1,Q1,Q1,Q1,Q1,Q2,Q1,Q1,Q1,Q1,Q1,Q1,Q1,Q1,Q1,Q2,Q4,Q4,Q4,Q4,Q4,Q4,Q4,Q4,Q2,Q2,Q2,Q3,Q3,Q2,Q3,Q3,Q3,Q4,Q3,Q3,Q2,Q3,Q1,Q2,Q2,Q3,Q3,Q3,Q4,Q3,Q1,R
Q2,Q1,Q1,Q1,Q1,Q1,Q1,Q1,Q1,Q1,Q1,Q1,Q1,Q1,Q1,Q1,Q1,Q1,Q2,Q2,Q1,Q2,Q2,Q3,Q3,Q3,Q3,Q3,Q4,Q4,Q4,Q4,Q4,Q4,Q4,Q3,Q2,Q2,Q1,Q3,Q3,Q4,Q4,Q4,Q4,Q4,Q3,Q1,Q2,Q2,Q1,Q2,Q2,Q2,Q1,Q1,Q1,Q1,Q2,Q2,R
Q2,Q3,Q4,Q4,Q4,Q4,Q4,Q2,Q1,Q2,Q1,Q2,Q2,Q2,Q3,Q3,Q4,Q4,Q4,Q3,Q3,Q3,Q3,Q3,Q2,Q2,Q1,Q1,Q2,Q2,Q1,Q1,Q1,Q2,Q3,Q2,Q1,Q1,Q2,Q2,Q3,Q2,Q2,Q2,Q3,Q1,Q1,Q2,Q1,Q1,Q2,Q1,Q1,Q2,Q4,Q2,Q1,Q1,Q1,Q3,R
Q2,Q2,Q2,Q2,Q2,Q1,Q1,Q1,Q1,Q1,Q2,Q4,Q4,Q4,Q4,Q4,Q3,Q3,Q1,Q1,Q2,Q2,Q3,Q4,Q4,Q3,Q2,Q2,Q4,Q3,Q2,Q3,Q2,Q2,Q2,Q2,Q1,Q1,Q1,Q1,Q1,Q1,Q2,Q3,Q2,Q3,Q3,Q1,Q2,Q4,Q3,Q2,Q3,Q1,Q2,Q4,Q3,Q2,Q1,Q1,R
Q1,Q2,Q1,Q2,Q2,Q1,Q1,Q1,Q3,Q3,Q4,Q3,Q2,Q1,Q1,Q3,Q4,Q4,Q4,Q4,Q4,Q3,Q2,Q2,Q2,Q2,Q1,Q1,Q1,Q1,Q2,Q1,Q1,Q2,Q3,Q3,Q4,Q3,Q2,Q2,Q2,Q2,Q1,Q1,Q2,Q3,Q3,Q3,Q3,Q3,Q2,Q2,Q3,Q1,Q3,Q2,Q4,Q1,Q3,Q3,R
Q2,Q2,Q2,Q3,Q1,Q2,Q3,Q3,Q3,Q3,Q3,Q4,Q4,Q2,Q2,Q3,Q4,Q3,Q1,Q1,Q3,Q3,Q1,Q1,Q2,Q2,Q1,Q3,Q3,Q1,Q1,Q1,Q1,Q1,Q2,Q1,Q2,Q2,Q1,Q1,Q1,Q1,Q2,Q3,Q2,Q1,Q1,Q1,Q1,Q2,Q2,Q1,Q2,Q3,Q4,Q4,Q3,Q3,Q2,Q3,R
Q3,Q2,Q2,Q3,Q1,Q1,Q2,Q1,Q1,Q1,Q2,Q2,Q3,Q2,Q3,Q3,Q2,Q2,Q3,Q3,Q2,Q2,Q2,Q3,Q3,Q4,Q3,Q3,Q4,Q4,Q3,Q1,Q2,Q1,Q2,Q3,Q3,Q1,Q1,Q1,Q3,Q3,Q3,Q1,Q2,Q3,Q2,Q2,Q1,Q3,Q1,Q3,Q3,Q2,Q3,Q3,Q2,Q1,Q3,Q1,R
Q1,Q1,Q2,Q2,Q3,Q2,Q1,Q1,Q1,Q2,Q2,Q1,Q2,Q1,Q2,Q3,Q4,Q4,Q3,Q1,Q1,Q1,Q1,Q3,Q3,Q3,Q3,Q3,Q2,Q1,Q2,Q2,Q2,Q1,Q2,Q2,Q1,Q1,Q1,Q2,Q1,Q1,Q1,Q1,Q2,Q2,Q1,Q1,Q1,Q2,Q1,Q4,Q3,Q3,Q3,Q2,Q2,Q1,Q3,Q2,R
Q2,Q2,Q1,Q1,Q1,Q1,Q2,Q1,Q1,Q1,Q1,Q1,Q3,Q3,Q4,Q3,Q3,Q3,Q3,Q4,Q4,Q2,Q1,Q2,Q3,Q2,Q1,Q2,Q2,Q3,Q2,Q1,Q2,Q3,Q3,Q3,Q3,Q4,Q4,Q4,Q3,Q2,Q2,Q1,Q2,Q3,Q1,Q2,Q2,Q4,Q4,Q3,Q2,Q4,Q4,Q3,Q3,Q3,Q1,Q2,R
Q4,Q3,Q1,Q3,Q1,Q2,Q4,Q3,Q2,Q2,Q1,Q2,Q2,Q2,Q1,Q2,Q2,Q3,Q4,Q4,Q3,Q4,Q4,Q3,Q2,Q1,Q1,Q2,Q2,Q2,Q4,Q4,Q3,Q3,Q3,Q3,Q1,Q3,Q4,Q4,Q2,Q1,Q4,Q3,Q1,Q3,Q3,Q1,Q4,Q4,Q4,Q4,Q4,Q3,Q2,Q3,Q3,Q3,Q2,Q4,R
Q3,Q4,Q4,Q4,Q1,Q1,Q2,Q2,Q3,Q1,Q2,Q3,Q3,Q2,Q3,Q3,Q3,Q4,Q4,Q4,Q3,Q1,Q1,Q2,Q1,Q1,Q2,Q3,Q2,Q2,Q3,Q4,Q3,Q1,Q2,Q3,Q4,Q2,Q2,Q1,Q2,Q2,Q1,Q1,Q1,Q2,Q2,Q3,Q3,Q1,Q2,Q2,Q1,Q3,Q4,Q3,Q4,Q4,Q2,Q2,R
Q2,Q1,Q3,Q3,Q3,Q4,Q3,Q4,Q3,Q2,Q3,Q2,Q1,Q2,Q2,Q2,Q2,Q1,Q2,Q3,Q2,Q2,Q4,Q3,Q1,Q1,Q2,Q2,Q2,Q1,Q1,Q1,Q1,Q2,Q2,Q2,Q2,Q2,Q2,Q1,Q1,Q1,Q1,Q1,Q1,Q1,Q1,Q1,Q1,Q2,Q4,Q4,Q3,Q1,Q3,Q3,Q3,Q4,Q4,Q3,R
Q1,Q2,Q3,Q2,Q3,Q2,Q2,Q2,Q1,Q2,Q1,Q1,Q1,Q1,Q1,Q1,Q1,Q1,Q2,Q2,Q2,Q4,Q4,Q4,Q2,Q2,Q2,Q2,Q3,Q4,Q3,Q4,Q4,Q4,Q4,Q4,Q3,Q2,Q2,Q3,Q3,Q2,Q3,Q3,Q2,Q1,Q1,Q1,Q1,Q2,Q2,Q3,Q4,Q3,Q2,Q4,Q4,Q3,Q3,Q4,R
Q3,Q2,Q2,Q3,Q3,Q3,Q2,Q3,Q1,Q1,Q2,Q1,Q1,Q1,Q1,Q1,Q1,Q1,Q1,Q1,Q1,Q2,Q4,Q4,Q3,Q3,Q3,Q3,Q4,Q4,Q4,Q3,Q4,Q4,Q4,Q3,Q2,Q1,Q1,Q2,Q2,Q2,Q3,Q2,Q1,Q2,Q1,Q2,Q1,Q1,Q1,Q1,Q1,Q2,Q2,Q2,Q4,Q4,Q2,Q2,R
Q1,Q1,Q2,Q1,Q1,Q1,Q1,Q1,Q1,Q1,Q1,Q1,Q1,Q2,Q2,Q2,Q1,Q1,Q1,Q1,Q1,Q1,Q2,Q2,Q2,Q3,Q3,Q4,Q3,Q3,Q3,Q3,Q3,Q3,Q3,Q3,Q1,Q1,Q1,Q1,Q1,Q2,Q3,Q3,Q1,Q1,Q1,Q1,Q2,Q1,Q3,Q3,Q3,Q1,Q1,Q1,Q4,Q2,Q2,Q3,R
Q1,Q2,Q2,Q3,Q3,Q2,Q2,Q2,Q1,Q1,Q2,Q1,Q1,Q2,Q3,Q2,Q1,Q1,Q1,Q1,Q1,Q2,Q2,Q2,Q3,Q3,Q2,Q3,Q3,Q3,Q2,Q2,Q3,Q4,Q4,Q4,Q3,Q2,Q2,Q2,Q3,Q3,Q4,Q3,Q1,Q1,Q2,Q2,Q2,Q2,Q4,Q2,Q3,Q3,Q1,Q3,Q3,Q2,Q3,Q4,R
Q1,Q2,Q3,Q3,Q1,Q1,Q1,Q3,Q3,Q3,Q2,Q1,Q2,Q3,Q3,Q2,Q1,Q1,Q1,Q1,Q1,Q1,Q2,Q3,Q2,Q2,Q2,Q3,Q4,Q4,Q4,Q4,Q4,Q3,Q3,Q3,Q2,Q1,Q1,Q1,Q1,Q2,Q3,Q2,Q1,Q1,Q1,Q1,Q1,Q3,Q3,Q4,Q4,Q2,Q2,Q2,Q2,Q2,Q4,Q4,R
Q1,Q2,Q1,Q1,Q1,Q1,Q1,Q1,Q1,Q1,Q1,Q2,Q1,Q2,Q2,Q2,Q3,Q2,Q1,Q1,Q2,Q2,Q1,Q1,Q2,Q2,Q2,Q2,Q4,Q4,Q4,Q4,Q4,Q4,Q4,Q4,Q3,Q3,Q2,Q1,Q2,Q1,Q1,Q1,Q2,Q2,Q1,Q1,Q1,Q2,Q1,Q1,Q2,Q3,Q3,Q2,Q3,Q2,Q2,Q1,R
Q2,Q3,Q3,Q2,Q1,Q1,Q3,Q3,Q1,Q1,Q1,Q2,Q1,Q2,Q2,Q3,Q4,Q3,Q1,Q1,Q1,Q2,Q2,Q2,Q3,Q3,Q3,Q3,Q4,Q4,Q4,Q4,Q4,Q4,Q4,Q4,Q4,Q4,Q4,Q3,Q3,Q2,Q3,Q3,Q4,Q3,Q3,Q1,Q1,Q4,Q1,Q2,Q1,Q4,Q3,Q1,Q3,Q2,Q3,Q3,R
Q1,Q2,Q2,Q2,Q1,Q3,Q3,Q1,Q1,Q2,Q2,Q4,Q4,Q2,Q2,Q3,Q4,Q4,Q3,Q2,Q2,Q2,Q2,Q3,Q3,Q4,Q4,Q4,Q4,Q4,Q4,Q4,Q4,Q4,Q4,Q4,Q4,Q4,Q4,Q4,Q3,Q2,Q1,Q1,Q3,Q3,Q3,Q2,Q1,Q3,Q4,Q4,Q2,Q2,Q3,Q3,Q3,Q4,Q2,Q4,R
Q3,Q3,Q3,Q1,Q4,Q3,Q4,Q4,Q1,Q1,Q1,Q1,Q1,Q1,Q2,Q2,Q1,Q2,Q3,Q1,Q2,Q2,Q1,Q2,Q1,Q2,Q1,Q1,Q2,Q4,Q4,Q2,Q2,Q3,Q4,Q4,Q4,Q4,Q4,Q4,Q4,Q4,Q4,Q4,Q4,Q4,Q4,Q4,Q4,Q3,Q3,Q2,Q4,Q3,Q4,Q4,Q1,Q4,Q4,Q4,R
Q4,Q4,Q3,Q3,Q2,Q4,Q3,Q2,Q1,Q3,Q3,Q4,Q3,Q2,Q3,Q3,Q3,Q3,Q3,Q4,Q4,Q3,Q3,Q3,Q3,Q3,Q3,Q2,Q1,Q1,Q1,Q4,Q4,Q4,Q4,Q4,Q4,Q1,Q3,Q4,Q4,Q4,Q4,Q4,Q3,Q1,Q2,Q1,Q3,Q3,Q1,Q1,Q3,Q4,Q2,Q4,Q4,Q3,Q3,Q3,R
Q3,Q3,Q2,Q4,Q4,Q4,Q2,Q3,Q3,Q4,Q4,Q3,Q1,Q3,Q4,Q4,Q4,Q4,Q4,Q4,Q4,Q4,Q2,Q2,Q3,Q3,Q2,Q1,Q1,Q1,Q1,Q3,Q3,Q4,Q4,Q4,Q4,Q1,Q4,Q4,Q4,Q3,Q3,Q4,Q2,Q2,Q3,Q2,Q2,Q2,Q1,Q3,Q3,Q3,Q3,Q2,Q1,Q4,Q2,Q1,R
Q4,Q2,Q2,Q1,Q1,Q2,Q2,Q2,Q2,Q1,Q2,Q3,Q2,Q1,Q1,Q1,Q2,Q2,Q1,Q1,Q2,Q3,Q3,Q3,Q3,Q2,Q2,Q1,Q1,Q2,Q3,Q3,Q4,Q4,Q3,Q3,Q3,Q3,Q3,Q4,Q4,Q4,Q4,Q4,Q4,Q4,Q3,Q3,Q2,Q4,Q1,Q1,Q1,Q1,Q1,Q3,Q3,Q2,Q3,Q3,R
Q2,Q1,Q4,Q3,Q1,Q2,Q2,Q3,Q1,Q1,Q2,Q4,Q3,Q3,Q1,Q1,Q2,Q3,Q2,Q3,Q3,Q3,Q3,Q4,Q4,Q3,Q2,Q1,Q2,Q2,Q2,Q3,Q3,Q3,Q3,Q3,Q3,Q2,Q1,Q3,Q4,Q4,Q4,Q3,Q3,Q2,Q2,Q3,Q2,Q1,Q1,Q2,Q3,Q3,Q3,Q4,Q3,Q1,Q2,Q4,R
Q1,Q4,Q4,Q3,Q4,Q4,Q3,Q3,Q1,Q1,Q2,Q4,Q3,Q2,Q1,Q1,Q1,Q3,Q2,Q3,Q3,Q3,Q3,Q3,Q4,Q4,Q2,Q2,Q2,Q2,Q3,Q3,Q4,Q3,Q3,Q4,Q3,Q2,Q1,Q3,Q3,Q4,Q4,Q3,Q3,Q3,Q2,Q2,Q2,Q1,Q1,Q1,Q3,Q2,Q4,Q2,Q3,Q3,Q1,Q4,R
Q3,Q4,Q2,Q2,Q1,Q2,Q2,Q1,Q1,Q1,Q1,Q1,Q2,Q2,Q2,Q1,Q1,Q1,Q1,Q1,Q1,Q1,Q1,Q1,Q2,Q3,Q2,Q2,Q2,Q3,Q4,Q4,Q4,Q4,Q4,Q4,Q4,Q4,Q4,Q3,Q2,Q2,Q3,Q4,Q4,Q4,Q3,Q3,Q3,Q1,Q2,Q3,Q4,Q1,Q4,Q3,Q1,Q3,Q3,Q2,R
Q1,Q1,Q2,Q2,Q1,Q2,Q1,Q1,Q1,Q1,Q1,Q1,Q1,Q1,Q2,Q2,Q3,Q2,Q2,Q1,Q2,Q2,Q2,Q2,Q2,Q3,Q3,Q2,Q1,Q1,Q3,Q3,Q2,Q3,Q3,Q3,Q3,Q4,Q4,Q4,Q4,Q3,Q3,Q1,Q1,Q1,Q1,Q1,Q1,Q1,Q2,Q1,Q1,Q1,Q2,Q1,Q2,Q1,Q2,Q1,R
Q1,Q1,Q1,Q1,Q2,Q2,Q2,Q1,Q1,Q1,Q2,Q2,Q3,Q2,Q2,Q2,Q2,Q2,Q2,Q2,Q2,Q2,Q2,Q3,Q4,Q4,Q4,Q3,Q2,Q2,Q2,Q2,Q1,Q1,Q1,Q2,Q2,Q2,Q2,Q1,Q1,Q2,Q2,Q2,Q1,Q1,Q1,Q2,Q1,Q1,Q1,Q1,Q1,Q2,Q3,Q2,Q1,Q3,Q2,Q1,R
Q3,Q3,Q2,Q1,Q1,Q1,Q2,Q2,Q1,Q1,Q1,Q1,Q2,Q2,Q2,Q2,Q2,Q2,Q2,Q2,Q2,Q2,Q2,Q3,Q3,Q3,Q4,Q4,Q3,Q3,Q3,Q3,Q2,Q1,Q1,Q2,Q2,Q3,Q2,Q2,Q1,Q3,Q2,Q3,Q2,Q1,Q3,Q3,Q2,Q1,Q1,Q1,Q2,Q3,Q2,Q3,Q2,Q2,Q2,Q4,R
Q1,Q1,Q1,Q1,Q2,Q1,Q1,Q1,Q1,Q1,Q2,Q2,Q2,Q2,Q2,Q2,Q2,Q2,Q2,Q2,Q2,Q2,Q2,Q2,Q3,Q3,Q4,Q3,Q3,Q3,Q4,Q3,Q2,Q2,Q1,Q2,Q2,Q2,Q3,Q2,Q2,Q3,Q3,Q2,Q2,Q3,Q2,Q2,Q2,Q3,Q2,Q1,Q1,Q1,Q1,Q2,Q4,Q4,Q1,Q3,R
Q2,Q1,Q1,Q2,Q2,Q1,Q2,Q2,Q2,Q2,Q2,Q2,Q2,Q2,Q2,Q2,Q2,Q2,Q2,Q2,Q2,Q2,Q2,Q3,Q4,Q4,Q4,Q4,Q3,Q4,Q4,Q3,Q2,Q2,Q1,Q2,Q2,Q2,Q3,Q2,Q1,Q3,Q2,Q2,Q2,Q2,Q3,Q2,Q3,Q3,Q1,Q2,Q1,Q2,Q2,Q1,Q2,Q1,Q1,Q1,R
Q2,Q1,Q1,Q2,Q1,Q1,Q2,Q2,Q1,Q2,Q2,Q2,Q2,Q2,Q2,Q2,Q2,Q2,Q2,Q2,Q2,Q2,Q2,Q3,Q4,Q4,Q4,Q4,Q4,Q3,Q3,Q3,Q2,Q1,Q1,Q2,Q2,Q2,Q3,Q2,Q1,Q2,Q2,Q2,Q2,Q2,Q3,Q3,Q2,Q2,Q1,Q1,Q1,Q1,Q1,Q2,Q1,Q1,Q1,Q2,R
Q2,Q1,Q1,Q1,Q2,Q3,Q3,Q2,Q2,Q1,Q2,Q1,Q1,Q1,Q1,Q1,Q1,Q2,Q2,Q2,Q2,Q2,Q3,Q3,Q3,Q4,Q3,Q3,Q3,Q3,Q3,Q4,Q4,Q4,Q4,Q4,Q4,Q4,Q3,Q3,Q2,Q1,Q1,Q2,Q2,Q2,Q1,Q1,Q1,Q1,Q1,Q1,Q1,Q3,Q4,Q4,Q2,Q1,Q1,Q1,R
Q2,Q1,Q1,Q1,Q2,Q2,Q2,Q1,Q3,Q2,Q2,Q1,Q1,Q1,Q1,Q1,Q2,Q2,Q2,Q2,Q2,Q3,Q4,Q4,Q4,Q4,Q4,Q4,Q4,Q3,Q4,Q4,Q4,Q4,Q4,Q3,Q3,Q3,Q2,Q1,Q2,Q1,Q1,Q1,Q1,Q1,Q1,Q1,Q1,Q1,Q1,Q1,Q3,Q3,Q2,Q2,Q1,Q1,Q1,Q1,R
Q1,Q1,Q2,Q1,Q1,Q2,Q2,Q1,Q2,Q2,Q1,Q1,Q1,Q1,Q1,Q1,Q1,Q2,Q2,Q2,Q2,Q3,Q3,Q3,Q4,Q4,Q4,Q3,Q3,Q3,Q3,Q3,Q3,Q3,Q3,Q3,Q3,Q3,Q2,Q2,Q2,Q1,Q1,Q1,Q1,Q1,Q1,Q1,Q1,Q1,Q1,Q1,Q2,Q1,Q2,Q2,Q1,Q2,Q3,Q3,R
Q1,Q1,Q1,Q3,Q2,Q2,Q2,Q2,Q3,Q2,Q2,Q1,Q1,Q1,Q1,Q1,Q2,Q2,Q2,Q2,Q3,Q3,Q4,Q4,Q4,Q4,Q4,Q4,Q3,Q3,Q3,Q3,Q3,Q3,Q3,Q3,Q3,Q3,Q2,Q1,Q2,Q1,Q1,Q1,Q1,Q1,Q1,Q1,Q1,Q1,Q2,Q2,Q1,Q1,Q1,Q2,Q2,Q1,Q1,Q1,R
Q2,Q1,Q1,Q2,Q2,Q3,Q2,Q2,Q3,Q3,Q2,Q1,Q1,Q1,Q1,Q2,Q2,Q2,Q2,Q3,Q3,Q4,Q4,Q4,Q3,Q4,Q4,Q3,Q3,Q3,Q3,Q3,Q3,Q3,Q3,Q3,Q3,Q3,Q2,Q1,Q1,Q1,Q1,Q1,Q1,Q1,Q1,Q1,Q1,Q1,Q1,Q1,Q2,Q3,Q3,Q1,Q1,Q1,Q1,Q1,R
Q1,Q2,Q2,Q3,Q3,Q2,Q1,Q2,Q2,Q2,Q1,Q1,Q1,Q1,Q1,Q1,Q2,Q2,Q2,Q2,Q2,Q3,Q4,Q3,Q3,Q3,Q4,Q4,Q4,Q4,Q4,Q4,Q4,Q4,Q4,Q4,Q4,Q4,Q3,Q2,Q2,Q1,Q1,Q1,Q1,Q1,Q1,Q1,Q1,Q1,Q1,Q1,Q2,Q1,Q1,Q1,Q2,Q2,Q1,Q1,R
Q1,Q1,Q1,Q1,Q1,Q1,Q1,Q2,Q1,Q2,Q1,Q1,Q1,Q1,Q1,Q1,Q1,Q3,Q3,Q2,Q2,Q2,Q2,Q2,Q1,Q2,Q2,Q3,Q4,Q4,Q4,Q4,Q3,Q3,Q3,Q3,Q3,Q3,Q3,Q3,Q2,Q2,Q2,Q2,Q2,Q1,Q1,Q2,Q2,Q2,Q1,Q1,Q1,Q1,Q1,Q1,Q1,Q1,Q2,Q1,R
Q1,Q1,Q1,Q3,Q1,Q2,Q1,Q1,Q1,Q1,Q1,Q2,Q1,Q1,Q1,Q1,Q1,Q1,Q1,Q1,Q1,Q1,Q1,Q1,Q1,Q1,Q1,Q1,Q2,Q2,Q3,Q4,Q4,Q4,Q4,Q4,Q4,Q4,Q4,Q4,Q4,Q4,Q3,Q2,Q2,Q2,Q2,Q3,Q2,Q3,Q4,Q1,Q1,Q2,Q4,Q3,Q2,Q1,Q3,Q3,R
Q2,Q2,Q3,Q2,Q1,Q1,Q1,Q1,Q1,Q1,Q1,Q2,Q1,Q1,Q1,Q1,Q1,Q1,Q1,Q1,Q1,Q1,Q1,Q1,Q1,Q1,Q1,Q2,Q2,Q3,Q4,Q3,Q4,Q4,Q4,Q4,Q4,Q4,Q4,Q4,Q4,Q4,Q4,Q3,Q2,Q1,Q2,Q3,Q3,Q3,Q2,Q1,Q4,Q4,Q3,Q2,Q4,Q4,Q4,Q3,R
Q3,Q3,Q1,Q1,Q1,Q1,Q1,Q1,Q1,Q1,Q1,Q2,Q2,Q1,Q1,Q2,Q2,Q1,Q1,Q1,Q1,Q1,Q1,Q1,Q1,Q1,Q2,Q3,Q3,Q4,Q4,Q4,Q4,Q4,Q4,Q4,Q4,Q4,Q4,Q4,Q4,Q4,Q4,Q3,Q3,Q1,Q2,Q3,Q3,Q3,Q2,Q1,Q4,Q4,Q2,Q3,Q3,Q3,Q3,Q4,R
Q4,Q3,Q2,Q2,Q3,Q3,Q3,Q1,Q1,Q1,Q1,Q3,Q1,Q1,Q1,Q1,Q1,Q1,Q1,Q1,Q1,Q1,Q1,Q1,Q1,Q1,Q1,Q2,Q2,Q3,Q4,Q3,Q4,Q4,Q4,Q4,Q4,Q4,Q4,Q4,Q4,Q4,Q4,Q3,Q3,Q2,Q2,Q2,Q3,Q2,Q1,Q2,Q4,Q4,Q3,Q3,Q4,Q3,Q3,Q3,R
Q2,Q1,Q1,Q2,Q2,Q1,Q2,Q2,Q1,Q2,Q2,Q1,Q1,Q1,Q1,Q1,Q1,Q1,Q2,Q2,Q1,Q1,Q1,Q2,Q2,Q1,Q1,Q2,Q4,Q4,Q4,Q4,Q4,Q4,Q3,Q3,Q3,Q2,Q1,Q1,Q2,Q2,Q3,Q4,Q4,Q4,Q3,Q1,Q1,Q3,Q2,Q1,Q2,Q3,Q1,Q1,Q2,Q2,Q3,Q1,R
Q2,Q2,Q2,Q1,Q1,Q2,Q2,Q2,Q2,Q1,Q1,Q1,Q1,Q2,Q2,Q2,Q1,Q1,Q1,Q1,Q1,Q1,Q1,Q1,Q3,Q4,Q3,Q2,Q2,Q2,Q2,Q1,Q1,Q1,Q2,Q2,Q1,Q1,Q1,Q1,Q2,Q2,Q2,Q1,Q1,Q1,Q1,Q2,Q2,Q2,Q1,Q3,Q1,Q1,Q2,Q1,Q2,Q1,Q1,Q1,R
Q1,Q1,Q1,Q1,Q1,Q1,Q1,Q1,Q2,Q1,Q1,Q1,Q1,Q1,Q1,Q1,Q1,Q1,Q1,Q1,Q1,Q1,Q1,Q2,Q3,Q4,Q3,Q2,Q2,Q1,Q1,Q1,Q1,Q1,Q2,Q2,Q1,Q1,Q2,Q2,Q3,Q3,Q3,Q2,Q2,Q2,Q1,Q1,Q2,Q1,Q1,Q1,Q1,Q1,Q2,Q1,Q1,Q1,Q1,Q2,R
Q1,Q1,Q1,Q2,Q2,Q3,Q3,Q2,Q2,Q1,Q1,Q1,Q1,Q1,Q2,Q1,Q1,Q1,Q1,Q1,Q1,Q1,Q1,Q2,Q3,Q4,Q3,Q2,Q2,Q1,Q1,Q1,Q1,Q2,Q2,Q2,Q1,Q1,Q1,Q2,Q3,Q3,Q2,Q1,Q1,Q2,Q1,Q1,Q2,Q1,Q1,Q3,Q2,Q1,Q1,Q1,Q1,Q2,Q1,Q1,R
Q2,Q2,Q1,Q1,Q2,Q1,Q1,Q1,Q2,Q1,Q1,Q1,Q1,Q1,Q2,Q1,Q1,Q1,Q1,Q1,Q1,Q1,Q1,Q2,Q4,Q4,Q3,Q2,Q2,Q1,Q1,Q1,Q1,Q1,Q2,Q2,Q1,Q1,Q2,Q2,Q3,Q3,Q2,Q1,Q1,Q2,Q1,Q1,Q2,Q1,Q2,Q2,Q2,Q2,Q3,Q1,Q1,Q1,Q2,Q1,R
Q2,Q2,Q1,Q1,Q1,Q1,Q1,Q2,Q1,Q1,Q1,Q1,Q1,Q1,Q1,Q1,Q1,Q1,Q1,Q1,Q1,Q2,Q3,Q3,Q4,Q2,Q2,Q2,Q2,Q1,Q1,Q1,Q2,Q2,Q2,Q2,Q3,Q2,Q3,Q3,Q3,Q2,Q1,Q3,Q3,Q3,Q2,Q2,Q2,Q1,Q1,Q1,Q2,Q3,Q1,Q1,Q1,Q3,Q2,Q2,R
Q1,Q1,Q1,Q2,Q3,Q2,Q2,Q1,Q1,Q1,Q1,Q1,Q1,Q3,Q4,Q4,Q4,Q4,Q4,Q4,Q4,Q4,Q4,Q4,Q4,Q4,Q4,Q4,Q2,Q2,Q1,Q2,Q1,Q1,Q2,Q2,Q2,Q1,Q1,Q1,Q1,Q1,Q1,Q1,Q1,Q1,Q1,Q1,Q1,Q1,Q2,Q2,Q1,Q3,Q2,Q3,Q3,Q2,Q2,Q2,R
Q2,Q1,Q2,Q1,Q3,Q4,Q3,Q1,Q2,Q2,Q1,Q1,Q1,Q3,Q4,Q4,Q4,Q4,Q4,Q4,Q4,Q4,Q4,Q4,Q4,Q4,Q4,Q2,Q1,Q1,Q2,Q3,Q3,Q2,Q2,Q1,Q2,Q2,Q1,Q1,Q1,Q1,Q1,Q1,Q2,Q1,Q1,Q1,Q1,Q1,Q3,Q3,Q2,Q2,Q2,Q2,Q2,Q2,Q3,Q3,R
Q3,Q2,Q3,Q2,Q3,Q2,Q3,Q2,Q2,Q2,Q1,Q1,Q1,Q3,Q4,Q4,Q4,Q4,Q4,Q4,Q4,Q4,Q4,Q4,Q4,Q4,Q4,Q3,Q1,Q1,Q2,Q2,Q2,Q2,Q2,Q1,Q2,Q2,Q1,Q1,Q1,Q1,Q1,Q2,Q2,Q1,Q1,Q2,Q1,Q1,Q3,Q2,Q4,Q2,Q1,Q3,Q2,Q1,Q1,Q1,R
Q3,Q2,Q3,Q3,Q3,Q2,Q3,Q3,Q2,Q1,Q1,Q1,Q2,Q3,Q4,Q4,Q4,Q4,Q4,Q4,Q4,Q4,Q4,Q4,Q4,Q4,Q3,Q2,Q1,Q2,Q2,Q2,Q2,Q2,Q1,Q1,Q1,Q1,Q1,Q1,Q1,Q1,Q1,Q1,Q2,Q1,Q2,Q2,Q1,Q2,Q1,Q3,Q3,Q1,Q1,Q4,Q4,Q1,Q3,Q2,R
Q3,Q3,Q1,Q2,Q1,Q2,Q4,Q3,Q2,Q1,Q1,Q2,Q2,Q4,Q4,Q4,Q4,Q4,Q4,Q4,Q4,Q4,Q3,Q4,Q4,Q4,Q3,Q2,Q1,Q1,Q1,Q1,Q1,Q1,Q1,Q1,Q1,Q1,Q1,Q1,Q1,Q1,Q1,Q2,Q1,Q1,Q2,Q2,Q3,Q4,Q3,Q2,Q3,Q1,Q2,Q3,Q2,Q2,Q2,Q1,R
Q1,Q1,Q1,Q3,Q3,Q2,Q2,Q1,Q1,Q1,Q1,Q2,Q2,Q3,Q3,Q3,Q3,Q3,Q3,Q3,Q4,Q4,Q4,Q4,Q3,Q3,Q2,Q1,Q2,Q3,Q3,Q2,Q2,Q2,Q1,Q1,Q1,Q1,Q1,Q2,Q2,Q1,Q1,Q1,Q1,Q1,Q1,Q1,Q1,Q1,Q3,Q1,Q2,Q3,Q3,Q2,Q1,Q1,Q1,Q1,R
Q3,Q3,Q1,Q2,Q2,Q4,Q4,Q3,Q1,Q2,Q3,Q4,Q4,Q4,Q4,Q4,Q4,Q4,Q4,Q4,Q4,Q4,Q3,Q1,Q1,Q1,Q2,Q3,Q4,Q4,Q2,Q1,Q1,Q2,Q2,Q2,Q1,Q2,Q2,Q2,Q1,Q1,Q1,Q1,Q2,Q1,Q2,Q2,Q2,Q3,Q2,Q1,Q1,Q3,Q4,Q2,Q1,Q1,Q3,Q4,R
Q1,Q2,Q1,Q3,Q3,Q3,Q4,Q4,Q4,Q4,Q4,Q4,Q4,Q4,Q4,Q4,Q4,Q4,Q4,Q3,Q3,Q4,Q3,Q2,Q2,Q3,Q2,Q1,Q2,Q3,Q3,Q2,Q3,Q3,Q1,Q2,Q2,Q1,Q1,Q3,Q2,Q2,Q1,Q1,Q3,Q4,Q4,Q4,Q4,Q3,Q2,Q3,Q2,Q2,Q2,Q2,Q3,Q1,Q2,Q1,R
Q4,Q3,Q3,Q1,Q1,Q3,Q2,Q2,Q3,Q3,Q3,Q3,Q4,Q4,Q4,Q4,Q4,Q4,Q4,Q4,Q3,Q3,Q2,Q2,Q2,Q3,Q2,Q2,Q4,Q4,Q3,Q2,Q2,Q3,Q2,Q1,Q2,Q1,Q1,Q1,Q1,Q2,Q2,Q1,Q3,Q4,Q4,Q3,Q3,Q4,Q2,Q1,Q1,Q3,Q3,Q3,Q3,Q3,Q1,Q3,R
Q2,Q3,Q3,Q1,Q4,Q3,Q3,Q2,Q2,Q2,Q4,Q4,Q4,Q4,Q4,Q4,Q4,Q4,Q4,Q4,Q3,Q4,Q2,Q2,Q3,Q3,Q2,Q1,Q2,Q3,Q3,Q2,Q2,Q2,Q1,Q1,Q2,Q2,Q1,Q2,Q2,Q2,Q1,Q2,Q3,Q3,Q4,Q4,Q3,Q3,Q2,Q1,Q3,Q2,Q3,Q3,Q1,Q1,Q1,Q3,R
Q4,Q3,Q3,Q2,Q4,Q4,Q2,Q2,Q3,Q3,Q4,Q3,Q4,Q3,Q4,Q4,Q4,Q4,Q4,Q4,Q4,Q4,Q2,Q1,Q2,Q2,Q2,Q1,Q2,Q2,Q2,Q2,Q3,Q3,Q2,Q1,Q1,Q1,Q2,Q3,Q3,Q3,Q2,Q1,Q2,Q4,Q4,Q3,Q2,Q2,Q2,Q1,Q1,Q2,Q3,Q2,Q3,Q3,Q2,Q2,R
Q4,Q4,Q4,Q4,Q4,Q3,Q4,Q4,Q4,Q4,Q4,Q1,Q3,Q4,Q4,Q4,Q4,Q4,Q3,Q2,Q2,Q3,Q3,Q4,Q3,Q2,Q2,Q1,Q1,Q2,Q2,Q1,Q1,Q1,Q3,Q4,Q4,Q3,Q1,Q3,Q4,Q3,Q3,Q3,Q3,Q3,Q4,Q4,Q4,Q2,Q4,Q2,Q2,Q4,Q4,Q2,Q3,Q3,Q4,Q3,R
Q2,Q3,Q4,Q4,Q1,Q1,Q3,Q4,Q3,Q2,Q2,Q2,Q2,Q4,Q4,Q4,Q4,Q3,Q2,Q1,Q2,Q3,Q3,Q4,Q3,Q2,Q2,Q2,Q2,Q2,Q2,Q1,Q1,Q1,Q3,Q4,Q4,Q3,Q1,Q2,Q4,Q4,Q3,Q3,Q3,Q3,Q4,Q4,Q4,Q4,Q3,Q2,Q1,Q3,Q1,Q2,Q3,Q2,Q3,Q1,R
Q4,Q3,Q3,Q1,Q2,Q1,Q4,Q4,Q4,Q4,Q3,Q1,Q1,Q4,Q4,Q4,Q4,Q3,Q2,Q1,Q2,Q3,Q4,Q4,Q4,Q2,Q2,Q2,Q2,Q2,Q2,Q1,Q2,Q1,Q3,Q4,Q4,Q4,Q1,Q3,Q4,Q4,Q3,Q3,Q4,Q4,Q4,Q4,Q4,Q4,Q2,Q4,Q3,Q2,Q1,Q2,Q4,Q3,Q1,Q2,R
Q3,Q2,Q4,Q3,Q4,Q3,Q4,Q4,Q2,Q2,Q3,Q1,Q2,Q4,Q4,Q4,Q4,Q4,Q4,Q2,Q2,Q3,Q3,Q3,Q3,Q2,Q2,Q1,Q1,Q2,Q1,Q1,Q1,Q1,Q3,Q4,Q3,Q2,Q1,Q3,Q4,Q3,Q2,Q2,Q3,Q2,Q3,Q4,Q4,Q1,Q4,Q2,Q3,Q2,Q2,Q3,Q3,Q4,Q4,Q4,R
Q3,Q2,Q4,Q3,Q1,Q2,Q1,Q4,Q4,Q4,Q3,Q1,Q2,Q4,Q4,Q4,Q4,Q3,Q3,Q1,Q1,Q3,Q3,Q4,Q3,Q2,Q3,Q2,Q2,Q2,Q2,Q1,Q1,Q1,Q3,Q4,Q4,Q2,Q2,Q4,Q4,Q4,Q3,Q2,Q3,Q3,Q4,Q4,Q4,Q2,Q4,Q2,Q1,Q3,Q3,Q1,Q4,Q3,Q4,Q4,R
Q1,Q4,Q4,Q3,Q4,Q4,Q4,Q4,Q4,Q4,Q3,Q1,Q3,Q4,Q4,Q4,Q4,Q4,Q3,Q2,Q2,Q2,Q3,Q3,Q3,Q3,Q3,Q2,Q1,Q1,Q3,Q4,Q2,Q3,Q4,Q4,Q3,Q4,Q4,Q3,Q1,Q1,Q3,Q4,Q3,Q1,Q1,Q1,Q1,Q4,Q1,Q4,Q1,Q4,Q4,Q1,Q1,Q1,Q4,Q3,R
Q3,Q4,Q3,Q1,Q4,Q4,Q4,Q4,Q4,Q3,Q3,Q3,Q4,Q4,Q4,Q4,Q3,Q1,Q1,Q2,Q2,Q1,Q1,Q2,Q2,Q3,Q2,Q3,Q3,Q4,Q4,Q3,Q1,Q2,Q3,Q3,Q1,Q2,Q2,Q3,Q3,Q1,Q2,Q2,Q1,Q2,Q1,Q1,Q1,Q2,Q1,Q4,Q2,Q2,Q1,Q4,Q1,Q2,Q3,Q2,R
Q3,Q2,Q2,Q1,Q1,Q2,Q3,Q2,Q2,Q2,Q1,Q2,Q1,Q2,Q3,Q2,Q1,Q1,Q1,Q2,Q1,Q1,Q1,Q2,Q2,Q2,Q2,Q3,Q4,Q4,Q3,Q3,Q3,Q3,Q1,Q1,Q1,Q2,Q2,Q2,Q3,Q3,Q2,Q1,Q1,Q2,Q2,Q1,Q1,Q4,Q2,Q3,Q3,Q1,Q2,Q1,Q1,Q1,Q2,Q3,R
Q4,Q3,Q3,Q3,Q1,Q2,Q4,Q4,Q3,Q2,Q3,Q3,Q4,Q4,Q3,Q2,Q2,Q2,Q1,Q2,Q2,Q1,Q2,Q4,Q4,Q2,Q2,Q3,Q4,Q4,Q3,Q3,Q4,Q4,Q3,Q2,Q1,Q2,Q4,Q4,Q2,Q3,Q3,Q3,Q1,Q1,Q1,Q1,Q1,Q1,Q2,Q1,Q1,Q3,Q4,Q4,Q3,Q3,Q4,Q3,R
Q1,Q3,Q1,Q1,Q2,Q3,Q4,Q3,Q2,Q2,Q1,Q2,Q2,Q3,Q3,Q2,Q1,Q1,Q2,Q2,Q1,Q1,Q2,Q2,Q3,Q2,Q2,Q3,Q4,Q4,Q2,Q2,Q4,Q3,Q2,Q1,Q1,Q2,Q3,Q2,Q2,Q3,Q2,Q2,Q1,Q1,Q2,Q1,Q2,Q1,Q2,Q3,Q2,Q1,Q3,Q3,Q3,Q1,Q1,Q1,R
Q3,Q3,Q4,Q4,Q2,Q3,Q1,Q1,Q2,Q2,Q1,Q1,Q1,Q1,Q1,Q2,Q1,Q2,Q2,Q2,Q1,Q1,Q1,Q1,Q1,Q1,Q1,Q3,Q4,Q4,Q2,Q1,Q3,Q4,Q3,Q3,Q4,Q4,Q4,Q3,Q2,Q1,Q1,Q1,Q1,Q1,Q1,Q1,Q1,Q1,Q1,Q1,Q4,Q4,Q2,Q4,Q4,Q3,Q4,Q4,R
Q2,Q1,Q1,Q1,Q2,Q1,Q1,Q1,Q2,Q1,Q1,Q1,Q1,Q1,Q1,Q1,Q1,Q2,Q2,Q1,Q1,Q1,Q1,Q1,Q1,Q1,Q1,Q2,Q3,Q4,Q3,Q1,Q3,Q3,Q2,Q3,Q3,Q4,Q4,Q4,Q2,Q2,Q2,Q1,Q1,Q1,Q2,Q3,Q2,Q2,Q1,Q4,Q4,Q3,Q4,Q1,Q1,Q2,Q3,Q3,R
Q4,Q2,Q4,Q4,Q4,Q4,Q4,Q1,Q2,Q3,Q1,Q2,Q2,Q3,Q3,Q3,Q2,Q2,Q1,Q1,Q1,Q1,Q1,Q1,Q1,Q1,Q1,Q1,Q1,Q1,Q2,Q3,Q3,Q3,Q4,Q4,Q4,Q4,Q4,Q4,Q4,Q4,Q4,Q4,Q3,Q4,Q4,Q4,Q4,Q3,Q4,Q2,Q3,Q4,Q2,Q4,Q4,Q4,Q4,Q4,M
Q4,Q4,Q4,Q4,Q4,Q4,Q4,Q1,Q3,Q3,Q3,Q2,Q3,Q3,Q3,Q3,Q3,Q3,Q3,Q2,Q1,Q1,Q1,Q2,Q1,Q1,Q1,Q2,Q2,Q2,Q2,Q1,Q1,Q1,Q2,Q3,Q3,Q3,Q3,Q3,Q3,Q3,Q2,Q3,Q4,Q4,Q4,Q4,Q3,Q3,Q3,Q4,Q4,Q4,Q4,Q1,Q4,Q4,Q4,Q4,M
Q2,Q3,Q3,Q4,Q2,Q2,Q3,Q4,Q2,Q1,Q2,Q3,Q2,Q3,Q3,Q4,Q3,Q3,Q2,Q1,Q1,Q1,Q1,Q1,Q1,Q1,Q2,Q1,Q1,Q2,Q2,Q2,Q3,Q3,Q2,Q2,Q1,Q2,Q3,Q3,Q3,Q3,Q3,Q3,Q3,Q3,Q2,Q3,Q3,Q2,Q1,Q4,Q4,Q4,Q4,Q3,Q4,Q4,Q4,Q4,M
Q4,Q4,Q4,Q4,Q4,Q3,Q2,Q2,Q3,Q4,Q4,Q4,Q4,Q4,Q4,Q4,Q4,Q4,Q4,Q3,Q3,Q1,Q1,Q1,Q1,Q1,Q1,Q1,Q1,Q1,Q1,Q1,Q1,Q1,Q2,Q1,Q1,Q2,Q2,Q1,Q1,Q2,Q1,Q2,Q1,Q1,Q2,Q2,Q1,Q1,Q4,Q2,Q4,Q3,Q4,Q4,Q4,Q2,Q4,Q4,M
Q3,Q1,Q4,Q4,Q1,Q3,Q4,Q3,Q4,Q4,Q4,Q4,Q4,Q4,Q4,Q4,Q4,Q4,Q4,Q3,Q2,Q1,Q1,Q1,Q1,Q1,Q1,Q1,Q1,Q1,Q2,Q2,Q2,Q2,Q3,Q1,Q2,Q2,Q2,Q1,Q1,Q1,Q1,Q1,Q1,Q1,Q1,Q2,Q2,Q3,Q4,Q4,Q4,Q2,Q4,Q4,Q1,Q4,Q4,Q4,M
Q4,Q4,Q4,Q4,Q4,Q1,Q2,Q1,Q2,Q3,Q4,Q4,Q4,Q4,Q4,Q4,Q4,Q4,Q4,Q3,Q3,Q2,Q1,Q1,Q1,Q1,Q1,Q1,Q1,Q1,Q1,Q2,Q2,Q3,Q3,Q2,Q2,Q2,Q3,Q2,Q1,Q1,Q1,Q1,Q1,Q1,Q3,Q3,Q4,Q4,Q4,Q4,Q3,Q2,Q4,Q4,Q2,Q3,Q4,Q4,M
Q2,Q2,Q2,Q2,Q3,Q1,Q2,Q3,Q1,Q2,Q3,Q4,Q4,Q4,Q4,Q4,Q4,Q4,Q4,Q4,Q3,Q3,Q2,Q2,Q1,Q1,Q1,Q1,Q1,Q1,Q1,Q3,Q3,Q3,Q3,Q3,Q2,Q3,Q3,Q1,Q1,Q1,Q1,Q1,Q1,Q1,Q1,Q1,Q1,Q1,Q2,Q1,Q2,Q4,Q4,Q3,Q1,Q3,Q2,Q1,M
Q3,Q4,Q4,Q3,Q2,Q1,Q1,Q1,Q2,Q4,Q4,Q4,Q4,Q4,Q4,Q4,Q4,Q4,Q4,Q4,Q4,Q2,Q2,Q1,Q1,Q1,Q1,Q1,Q1,Q1,Q1,Q2,Q2,Q3,Q3,Q2,Q3,Q3,Q2,Q3,Q4,Q4,Q2,Q2,Q1,Q1,Q2,Q1,Q1,Q3,Q1,Q4,Q4,Q3,Q4,Q4,Q2,Q4,Q4,Q3,M
Q1,Q2,Q3,Q4,Q4,Q3,Q1,Q2,Q1,Q1,Q3,Q4,Q4,Q4,Q4,Q4,Q4,Q4,Q4,Q4,Q4,Q3,Q3,Q3,Q2,Q1,Q1,Q1,Q1,Q1,Q1,Q2,Q2,Q2,Q2,Q2,Q3,Q4,Q3,Q2,Q2,Q2,Q2,Q1,Q1,Q1,Q1,Q2,Q1,Q1,Q1,Q3,Q3,Q2,Q4,Q4,Q3,Q2,Q4,Q4,M
Q3,Q3,Q3,Q4,Q3,Q2,Q1,Q2,Q1,Q1,Q1,Q2,Q2,Q2,Q3,Q3,Q3,Q4,Q4,Q4,Q3,Q3,Q3,Q3,Q2,Q1,Q1,Q1,Q1,Q1,Q1,Q2,Q2,Q3,Q3,Q3,Q3,Q4,Q3,Q4,Q4,Q3,Q4,Q4,Q2,Q2,Q3,Q3,Q2,Q3,Q2,Q2,Q4,Q4,Q1,Q4,Q3,Q2,Q4,Q4,M
Q4,Q4,Q4,Q3,Q4,Q4,Q3,Q1,Q1,Q1,Q1,Q2,Q3,Q3,Q3,Q4,Q3,Q4,Q4,Q4,Q4,Q3,Q3,Q4,Q3,Q2,Q1,Q1,Q1,Q1,Q1,Q3,Q3,Q3,Q3,Q3,Q3,Q3,Q3,Q4,Q3,Q3,Q3,Q3,Q3,Q3,Q2,Q2,Q3,Q2,Q1,Q3,Q4,Q2,Q2,Q4,Q3,Q3,Q4,Q2,M
Q4,Q3,Q3,Q2,Q3,Q2,Q2,Q1,Q2,Q1,Q2,Q2,Q2,Q3,Q3,Q3,Q4,Q4,Q4,Q4,Q4,Q4,Q4,Q3,Q3,Q2,Q1,Q1,Q1,Q1,Q1,Q2,Q2,Q3,Q3,Q3,Q3,Q3,Q4,Q3,Q3,Q3,Q3,Q3,Q3,Q2,Q1,Q1,Q2,Q2,Q1,Q1,Q1,Q4,Q4,Q3,Q4,Q4,Q4,Q4,M
Q3,Q1,Q2,Q4,Q4,Q2,Q3,Q3,Q1,Q1,Q1,Q1,Q1,Q2,Q2,Q3,Q3,Q3,Q4,Q4,Q4,Q4,Q4,Q4,Q4,Q3,Q2,Q2,Q2,Q2,Q2,Q1,Q1,Q2,Q3,Q3,Q2,Q2,Q3,Q3,Q3,Q4,Q3,Q3,Q1,Q3,Q4,Q4,Q3,Q4,Q4,Q4,Q4,Q4,Q1,Q2,Q4,Q3,Q3,Q3,M
Q2,Q1,Q2,Q4,Q4,Q1,Q1,Q2,Q1,Q1,Q1,Q2,Q3,Q3,Q3,Q3,Q3,Q3,Q4,Q4,Q4,Q4,Q4,Q4,Q3,Q3,Q3,Q3,Q2,Q2,Q1,Q1,Q1,Q2,Q3,Q3,Q3,Q2,Q3,Q3,Q4,Q4,Q4,Q3,Q3,Q2,Q3,Q2,Q2,Q3,Q2,Q3,Q3,Q2,Q1,Q3,Q3,Q4,Q4,Q4,M
Q4,Q4,Q4,Q4,Q4,Q4,Q1,Q4,Q1,Q1,Q2,Q2,Q3,Q3,Q3,Q3,Q3,Q4,Q4,Q4,Q4,Q4,Q4,Q4,Q3,Q2,Q2,Q1,Q1,Q1,Q1,Q1,Q1,Q2,Q3,Q3,Q3,Q4,Q3,Q3,Q3,Q4,Q4,Q2,Q3,Q3,Q1,Q3,Q3,Q1,Q4,Q4,Q4,Q4,Q3,Q4,Q4,Q4,Q4,Q3,M
Q4,Q3,Q4,Q4,Q4,Q4,Q3,Q1,Q2,Q2,Q3,Q3,Q4,Q4,Q4,Q4,Q4,Q4,Q4,Q4,Q4,Q4,Q4,Q3,Q2,Q1,Q1,Q1,Q1,Q1,Q1,Q1,Q2,Q3,Q3,Q3,Q3,Q3,Q3,Q2,Q2,Q3,Q3,Q3,Q2,Q2,Q2,Q1,Q2,Q2,Q2,Q3,Q1,Q4,Q4,Q3,Q4,Q4,Q4,Q2,M
Q3,Q4,Q4,Q1,Q3,Q4,Q3,Q2,Q2,Q2,Q2,Q3,Q3,Q3,Q3,Q3,Q3,Q4,Q4,Q4,Q4,Q4,Q3,Q3,Q2,Q2,Q2,Q1,Q1,Q1,Q1,Q1,Q2,Q3,Q2,Q2,Q3,Q3,Q3,Q4,Q4,Q3,Q3,Q2,Q2,Q2,Q2,Q1,Q1,Q2,Q2,Q3,Q4,Q4,Q2,Q3,Q2,Q1,Q2,Q3,M
Q1,Q2,Q2,Q2,Q4,Q4,Q3,Q2,Q2,Q2,Q3,Q3,Q4,Q4,Q4,Q4,Q4,Q4,Q4,Q4,Q4,Q4,Q4,Q3,Q2,Q2,Q2,Q2,Q2,Q2,Q2,Q1,Q1,Q1,Q2,Q3,Q2,Q2,Q2,Q2,Q2,Q3,Q3,Q3,Q2,Q2,Q2,Q3,Q4,Q2,Q4,Q4,Q4,Q4,Q3,Q1,Q2,Q4,Q3,Q1,M
Q4,Q3,Q3,Q4,Q2,Q3,Q4,Q3,Q1,Q3,Q3,Q3,Q4,Q4,Q4,Q4,Q4,Q4,Q4,Q3,Q4,Q4,Q3,Q3,Q3,Q2,Q2,Q1,Q1,Q1,Q1,Q1,Q2,Q3,Q3,Q3,Q3,Q3,Q3,Q3,Q4,Q4,Q3,Q4,Q4,Q1,Q2,Q2,Q1,Q1,Q4,Q1,Q3,Q3,Q2,Q4,Q4,Q3,Q4,Q4,M
Q1,Q3,Q2,Q2,Q4,Q4,Q4,Q3,Q3,Q2,Q2,Q3,Q4,Q4,Q4,Q3,Q3,Q4,Q4,Q4,Q4,Q4,Q4,Q3,Q4,Q3,Q3,Q2,Q2,Q1,Q1,Q1,Q1,Q1,Q1,Q2,Q2,Q3,Q3,Q3,Q2,Q2,Q1,Q2,Q2,Q2,Q3,Q3,Q4,Q4,Q4,Q3,Q3,Q4,Q4,Q2,Q3,Q2,Q3,Q3,M
Q2,Q1,Q1,Q4,Q4,Q4,Q4,Q2,Q2,Q3,Q3,Q3,Q3,Q3,Q3,Q3,Q3,Q3,Q3,Q4,Q4,Q4,Q4,Q4,Q4,Q4,Q3,Q3,Q3,Q2,Q2,Q1,Q1,Q1,Q1,Q1,Q2,Q3,Q3,Q3,Q3,Q3,Q3,Q3,Q3,Q2,Q2,Q2,Q3,Q4,Q3,Q2,Q4,Q2,Q2,Q3,Q2,Q2,Q2,Q2,M
Q3,Q3,Q2,Q1,Q4,Q4,Q3,Q3,Q3,Q2,Q2,Q2,Q3,Q3,Q3,Q3,Q3,Q3,Q3,Q3,Q4,Q4,Q4,Q4,Q4,Q4,Q4,Q4,Q4,Q3,Q3,Q2,Q1,Q1,Q2,Q1,Q1,Q1,Q1,Q2,Q1,Q1,Q2,Q2,Q3,Q2,Q2,Q2,Q3,Q3,Q4,Q2,Q4,Q2,Q3,Q2,Q3,Q4,Q3,Q2,M
Q3,Q2,Q2,Q4,Q4,Q4,Q3,Q3,Q3,Q3,Q3,Q4,Q3,Q3,Q3,Q4,Q3,Q4,Q3,Q4,Q4,Q4,Q4,Q4,Q4,Q4,Q3,Q3,Q3,Q2,Q2,Q2,Q2,Q1,Q1,Q1,Q1,Q2,Q1,Q1,Q2,Q2,Q2,Q2,Q2,Q1,Q1,Q2,Q2,Q2,Q2,Q4,Q4,Q3,Q1,Q4,Q2,Q1,Q1,Q1,M
Q3,Q4,Q1,Q1,Q2,Q2,Q2,Q3,Q2,Q2,Q2,Q2,Q3,Q3,Q3,Q3,Q3,Q3,Q3,Q3,Q3,Q3,Q4,Q4,Q4,Q4,Q4,Q4,Q3,Q2,Q3,Q3,Q2,Q1,Q1,Q2,Q2,Q3,Q3,Q3,Q3,Q3,Q2,Q3,Q3,Q2,Q2,Q2,Q2,Q1,Q3,Q1,Q3,Q3,Q3,Q3,Q2,Q1,Q3,Q1,M
Q2,Q1,Q2,Q2,Q2,Q2,Q3,Q2,Q3,Q2,Q2,Q3,Q3,Q3,Q3,Q3,Q3,Q3,Q3,Q3,Q4,Q4,Q4,Q4,Q4,Q4,Q4,Q4,Q3,Q2,Q2,Q2,Q1,Q1,Q1,Q2,Q2,Q2,Q2,Q2,Q3,Q3,Q2,Q3,Q2,Q2,Q3,Q3,Q3,Q3,Q2,Q4,Q3,Q3,Q2,Q4,Q3,Q1,Q2,Q1,M
Q3,Q1,Q2,Q4,Q4,Q4,Q3,Q3,Q3,Q3,Q3,Q3,Q3,Q4,Q4,Q4,Q4,Q4,Q4,Q4,Q4,Q4,Q4,Q4,Q4,Q4,Q4,Q4,Q3,Q2,Q2,Q2,Q1,Q1,Q1,Q1,Q2,Q2,Q1,Q2,Q2,Q2,Q3,Q2,Q1,Q2,Q3,Q3,Q3,Q3,Q2,Q1,Q2,Q4,Q1,Q4,Q2,Q4,Q3,Q3,M
Q3,Q1,Q2,Q2,Q3,Q3,Q3,Q3,Q3,Q3,Q2,Q2,Q3,Q4,Q4,Q4,Q3,Q4,Q3,Q3,Q3,Q4,Q4,Q4,Q4,Q4,Q3,Q3,Q3,Q2,Q2,Q2,Q1,Q1,Q1,Q1,Q2,Q2,Q2,Q2,Q2,Q2,Q2,Q2,Q2,Q2,Q3,Q3,Q3,Q4,Q3,Q4,Q4,Q2,Q2,Q3,Q4,Q3,Q4,Q4,M
Q4,Q3,Q4,Q4,Q4,Q4,Q4,Q4,Q4,Q4,Q4,Q4,Q4,Q4,Q4,Q3,Q3,Q3,Q4,Q3,Q3,Q4,Q4,Q4,Q3,Q3,Q4,Q2,Q2,Q2,Q2,Q2,Q1,Q1,Q2,Q1,Q1,Q1,Q2,Q2,Q3,Q3,Q1,Q1,Q2,Q3,Q1,Q1,Q1,Q2,Q3,Q4,Q2,Q4,Q3,Q4,Q4,Q3,Q3,Q3,M
Q2,Q4,Q4,Q2,Q4,Q4,Q4,Q4,Q4,Q4,Q4,Q4,Q4,Q4,Q4,Q4,Q4,Q4,Q4,Q4,Q3,Q4,Q4,Q4,Q4,Q4,Q3,Q2,Q2,Q2,Q2,Q1,Q1,Q2,Q3,Q2,Q2,Q2,Q2,Q2,Q3,Q3,Q1,Q1,Q3,Q3,Q3,Q2,Q1,Q3,Q3,Q4,Q4,Q4,Q4,Q4,Q4,Q3,Q1,Q2,M
Q4,Q4,Q3,Q1,Q3,Q4,Q4,Q4,Q4,Q4,Q4,Q4,Q4,Q4,Q4,Q4,Q4,Q4,Q4,Q4,Q4,Q3,Q3,Q3,Q2,Q2,Q2,Q2,Q2,Q2,Q2,Q1,Q1,Q1,Q1,Q2,Q2,Q1,Q1,Q2,Q2,Q1,Q1,Q3,Q3,Q1,Q2,Q3,Q3,Q1,Q4,Q3,Q3,Q3,Q4,Q1,Q3,Q3,Q3,Q4,M
Q2,Q2,Q1,Q4,Q4,Q4,Q4,Q4,Q4,Q4,Q4,Q1,Q4,Q4,Q4,Q4,Q4,Q4,Q4,Q4,Q4,Q4,Q4,Q4,Q3,Q3,Q2,Q1,Q2,Q1,Q1,Q1,Q1,Q1,Q2,Q2,Q1,Q2,Q3,Q3,Q2,Q1,Q3,Q3,Q2,Q2,Q3,Q4,Q4,Q4,Q4,Q1,Q4,Q2,Q4,Q3,Q4,Q4,Q4,Q1,M
Q4,Q4,Q4,Q3,Q1,Q4,Q4,Q4,Q4,Q3,Q4,Q4,Q4,Q4,Q4,Q4,Q4,Q4,Q4,Q4,Q4,Q4,Q4,Q3,Q2,Q2,Q1,Q1,Q2,Q1,Q1,Q1,Q1,Q1,Q2,Q2,Q2,Q1,Q2,Q3,Q1,Q1,Q3,Q3,Q2,Q3,Q3,Q2,Q2,Q3,Q4,Q3,Q2,Q4,Q1,Q3,Q4,Q4,Q3,Q4,M
Q4,Q4,Q4,Q4,Q4,Q4,Q4,Q4,Q3,Q3,Q4,Q4,Q4,Q4,Q4,Q4,Q4,Q4,Q4,Q3,Q3,Q3,Q3,Q2,Q1,Q2,Q1,Q2,Q1,Q1,Q1,Q1,Q2,Q2,Q2,Q1,Q2,Q3,Q3,Q2,Q1,Q2,Q4,Q2,Q1,Q2,Q1,Q2,Q3,Q4,Q3,Q3,Q3,Q4,Q2,Q2,Q1,Q3,Q4,Q2,M
Q4,Q3,Q2,Q4,Q4,Q4,Q4,Q3,Q3,Q4,Q4,Q4,Q4,Q4,Q4,Q4,Q4,Q4,Q4,Q3,Q3,Q3,Q2,Q1,Q1,Q1,Q1,Q1,Q1,Q1,Q1,Q1,Q1,Q1,Q1,Q1,Q2,Q2,Q2,Q1,Q1,Q3,Q3,Q1,Q3,Q3,Q1,Q2,Q3,Q4,Q4,Q4,Q4,Q3,Q4,Q2,Q2,Q4,Q4,Q4,M
Q4,Q4,Q4,Q2,Q1,Q3,Q4,Q4,Q4,Q4,Q4,Q1,Q1,Q2,Q3,Q3,Q2,Q2,Q2,Q4,Q4,Q2,Q1,Q1,Q1,Q1,Q1,Q1,Q1,Q3,Q1,Q2,Q3,Q4,Q4,Q4,Q4,Q4,Q4,Q4,Q3,Q1,Q1,Q3,Q4,Q4,Q4,Q4,Q4,Q4,Q4,Q2,Q2,Q2,Q4,Q4,Q4,Q4,Q3,Q3,M
Q4,Q4,Q4,Q3,Q2,Q3,Q2,Q4,Q4,Q4,Q4,Q2,Q2,Q3,Q3,Q3,Q2,Q1,Q1,Q4,Q4,Q2,Q1,Q1,Q1,Q1,Q1,Q1,Q1,Q2,Q1,Q2,Q3,Q4,Q4,Q4,Q4,Q4,Q4,Q4,Q3,Q1,Q2,Q3,Q4,Q4,Q3,Q4,Q4,Q4,Q3,Q1,Q2,Q4,Q4,Q4,Q4,Q4,Q4,Q2,M
Q4,Q4,Q3,Q4,Q4,Q1,Q1,Q4,Q4,Q4,Q4,Q3,Q1,Q4,Q3,Q3,Q3,Q3,Q3,Q4,Q4,Q1,Q1,Q1,Q1,Q1,Q1,Q1,Q3,Q4,Q2,Q2,Q4,Q4,Q4,Q4,Q4,Q4,Q4,Q4,Q4,Q4,Q4,Q4,Q4,Q4,Q2,Q4,Q4,Q4,Q3,Q4,Q4,Q4,Q4,Q4,Q4,Q3,Q1,Q4,M
Q4,Q4,Q2,Q4,Q3,Q3,Q4,Q4,Q4,Q4,Q4,Q2,Q2,Q2,Q4,Q4,Q1,Q1,Q2,Q4,Q3,Q1,Q1,Q1,Q1,Q1,Q1,Q2,Q2,Q3,Q2,Q2,Q4,Q4,Q4,Q4,Q4,Q4,Q4,Q4,Q2,Q2,Q2,Q4,Q4,Q4,Q4,Q2,Q2,Q3,Q3,Q4,Q3,Q4,Q4,Q1,Q3,Q4,Q3,Q4,M
Q1,Q4,Q4,Q4,Q2,Q3,Q4,Q4,Q4,Q4,Q4,Q1,Q3,Q4,Q3,Q3,Q1,Q1,Q1,Q4,Q4,Q1,Q1,Q1,Q1,Q1,Q1,Q2,Q1,Q3,Q1,Q1,Q4,Q4,Q4,Q4,Q4,Q4,Q4,Q4,Q4,Q3,Q2,Q2,Q4,Q3,Q4,Q4,Q4,Q3,Q4,Q4,Q4,Q4,Q4,Q4,Q4,Q4,Q4,Q4,M
Q4,Q4,Q4,Q4,Q4,Q4,Q4,Q4,Q4,Q4,Q4,Q2,Q1,Q3,Q4,Q3,Q1,Q1,Q2,Q4,Q4,Q2,Q1,Q1,Q1,Q2,Q1,Q2,Q2,Q4,Q3,Q3,Q3,Q4,Q4,Q4,Q4,Q4,Q4,Q4,Q3,Q4,Q4,Q4,Q4,Q4,Q2,Q3,Q2,Q2,Q2,Q4,Q4,Q2,Q4,Q4,Q3,Q4,Q4,Q4,M
Q4,Q4,Q4,Q4,Q1,Q1,Q1,Q4,Q4,Q4,Q4,Q4,Q3,Q2,Q2,Q3,Q2,Q2,Q2,Q2,Q3,Q4,Q4,Q4,Q2,Q1,Q1,Q1,Q1,Q2,Q2,Q1,Q3,Q4,Q4,Q3,Q3,Q3,Q4,Q4,Q3,Q4,Q4,Q3,Q2,Q1,Q3,Q4,Q4,Q3,Q3,Q4,Q4,Q4,Q4,Q2,Q1,Q4,Q2,Q1,M
Q4,Q4,Q4,Q4,Q4,Q4,Q4,Q4,Q1,Q1,Q2,Q3,Q3,Q2,Q2,Q2,Q1,Q1,Q2,Q1,Q1,Q2,Q4,Q4,Q3,Q2,Q1,Q2,Q3,Q2,Q3,Q2,Q3,Q1,Q1,Q3,Q4,Q2,Q2,Q2,Q3,Q4,Q3,Q1,Q2,Q4,Q4,Q4,Q4,Q3,Q4,Q4,Q4,Q4,Q4,Q4,Q4,Q4,Q4,Q3,M
Q2,Q4,Q4,Q3,Q1,Q3,Q3,Q1,Q2,Q1,Q2,Q3,Q2,Q1,Q2,Q3,Q3,Q2,Q2,Q1,Q2,Q2,Q2,Q2,Q2,Q2,Q3,Q3,Q2,Q4,Q4,Q3,Q2,Q3,Q2,Q1,Q3,Q3,Q2,Q3,Q4,Q2,Q3,Q4,Q3,Q2,Q1,Q3,Q4,Q2,Q4,Q4,Q3,Q4,Q4,Q4,Q4,Q3,Q3,Q4,M
Q4,Q4,Q3,Q1,Q3,Q3,Q4,Q4,Q4,Q3,Q2,Q3,Q3,Q3,Q3,Q3,Q3,Q1,Q3,Q2,Q2,Q2,Q1,Q2,Q1,Q1,Q2,Q3,Q4,Q4,Q4,Q4,Q1,Q2,Q3,Q2,Q2,Q3,Q2,Q1,Q4,Q4,Q4,Q4,Q4,Q4,Q4,Q4,Q4,Q4,Q4,Q4,Q3,Q4,Q4,Q4,Q3,Q4,Q3,Q3,M
Q4,Q4,Q4,Q4,Q4,Q2,Q1,Q2,Q3,Q2,Q3,Q2,Q2,Q3,Q4,Q4,Q3,Q3,Q3,Q3,Q3,Q3,Q2,Q2,Q2,Q2,Q3,Q3,Q3,Q4,Q4,Q4,Q3,Q3,Q3,Q2,Q3,Q3,Q2,Q1,Q4,Q4,Q4,Q4,Q4,Q4,Q4,Q3,Q4,Q4,Q4,Q3,Q4,Q3,Q4,Q4,Q4,Q4,Q4,Q4,M
Q4,Q4,Q4,Q4,Q1,Q3,Q1,Q1,Q3,Q2,Q3,Q3,Q3,Q3,Q3,Q2,Q2,Q1,Q1,Q1,Q2,Q2,Q2,Q3,Q2,Q1,Q2,Q3,Q3,Q4,Q4,Q4,Q4,Q4,Q4,Q3,Q2,Q3,Q3,Q2,Q4,Q4,Q3,Q4,Q4,Q4,Q4,Q4,Q3,Q4,Q4,Q4,Q3,Q4,Q4,Q4,Q4,Q3,Q4,Q4,M
Q4,Q4,Q4,Q2,Q3,Q4,Q4,Q4,Q4,Q2,Q3,Q3,Q4,Q3,Q2,Q2,Q3,Q1,Q1,Q1,Q2,Q3,Q3,Q2,Q1,Q1,Q2,Q3,Q4,Q4,Q4,Q4,Q4,Q4,Q4,Q3,Q1,Q2,Q1,Q3,Q4,Q4,Q4,Q4,Q4,Q4,Q4,Q4,Q2,Q4,Q4,Q4,Q4,Q4,Q3,Q4,Q1,Q4,Q3,Q3,M
Q3,Q4,Q4,Q4,Q3,Q1,Q1,Q2,Q3,Q1,Q1,Q1,Q2,Q3,Q3,Q3,Q3,Q2,Q1,Q1,Q1,Q2,Q2,Q1,Q1,Q1,Q1,Q2,Q3,Q3,Q4,Q4,Q4,Q3,Q3,Q2,Q1,Q2,Q2,Q1,Q4,Q4,Q4,Q4,Q4,Q4,Q4,Q4,Q3,Q4,Q4,Q4,Q4,Q4,Q3,Q2,Q4,Q4,Q4,Q1,M
Q4,Q4,Q4,Q4,Q3,Q4,Q3,Q4,Q2,Q1,Q3,Q4,Q3,Q1,Q2,Q3,Q2,Q1,Q1,Q2,Q2,Q2,Q3,Q2,Q2,Q2,Q3,Q3,Q1,Q2,Q3,Q2,Q1,Q3,Q4,Q4,Q4,Q4,Q4,Q4,Q4,Q4,Q4,Q2,Q4,Q4,Q4,Q3,Q4,Q4,Q4,Q4,Q3,Q2,Q4,Q4,Q3,Q4,Q4,Q4,M
Q4,Q4,Q3,Q3,Q3,Q3,Q2,Q4,Q2,Q2,Q3,Q3,Q3,Q3,Q3,Q3,Q3,Q1,Q2,Q1,Q1,Q1,Q1,Q1,Q1,Q1,Q1,Q2,Q3,Q3,Q4,Q4,Q3,Q3,Q4,Q3,Q1,Q3,Q3,Q1,Q4,Q4,Q4,Q4,Q4,Q4,Q4,Q4,Q4,Q4,Q4,Q4,Q4,Q4,Q4,Q3,Q4,Q4,Q4,Q4,M
Q4,Q4,Q4,Q4,Q4,Q3,Q4,Q2,Q4,Q4,Q2,Q2,Q4,Q4,Q2,Q3,Q3,Q3,Q4,Q4,Q2,Q2,Q3,Q2,Q3,Q3,Q3,Q2,Q1,Q3,Q4,Q4,Q4,Q3,Q2,Q1,Q1,Q3,Q4,Q3,Q3,Q4,Q4,Q4,Q4,Q4,Q4,Q4,Q4,Q4,Q4,Q4,Q4,Q4,Q4,Q4,Q4,Q4,Q4,Q4,M
Q4,Q4,Q4,Q4,Q4,Q3,Q3,Q3,Q3,Q3,Q3,Q4,Q4,Q4,Q4,Q1,Q2,Q2,Q1,Q3,Q4,Q3,Q2,Q1,Q1,Q2,Q3,Q1,Q2,Q2,Q2,Q1,Q1,Q1,Q1,Q1,Q2,Q1,Q3,Q2,Q1,Q3,Q3,Q2,Q1,Q2,Q2,Q2,Q3,Q4,Q3,Q3,Q4,Q1,Q1,Q2,Q3,Q3,Q3,Q3,M
Q2,Q4,Q2,Q4,Q3,Q1,Q2,Q2,Q3,Q2,Q2,Q2,Q1,Q2,Q3,Q3,Q1,Q1,Q2,Q2,Q3,Q4,Q4,Q2,Q2,Q2,Q2,Q2,Q1,Q1,Q1,Q1,Q1,Q3,Q3,Q2,Q1,Q2,Q2,Q2,Q3,Q2,Q1,Q1,Q4,Q4,Q4,Q3,Q4,Q4,Q3,Q1,Q1,Q4,Q3,Q4,Q2,Q3,Q3,Q4,M
Q2,Q2,Q1,Q3,Q2,Q2,Q3,Q3,Q3,Q3,Q2,Q2,Q1,Q1,Q2,Q3,Q3,Q3,Q3,Q3,Q4,Q4,Q4,Q3,Q2,Q1,Q1,Q1,Q1,Q1,Q1,Q3,Q3,Q1,Q1,Q2,Q3,Q3,Q2,Q1,Q1,Q1,Q1,Q1,Q1,Q1,Q1,Q1,Q1,Q2,Q2,Q2,Q1,Q1,Q1,Q1,Q3,Q2,Q1,Q1,M
Q3,Q3,Q1,Q1,Q2,Q1,Q1,Q1,Q4,Q3,Q2,Q2,Q2,Q3,Q3,Q4,Q4,Q3,Q3,Q4,Q4,Q4,Q3,Q2,Q1,Q1,Q2,Q1,Q1,Q1,Q1,Q2,Q3,Q2,Q2,Q3,Q3,Q3,Q2,Q1,Q1,Q2,Q2,Q1,Q1,Q1,Q2,Q2,Q3,Q3,Q3,Q3,Q1,Q3,Q2,Q4,Q2,Q3,Q1,Q4,M
Q1,Q2,Q1,Q1,Q1,Q1,Q1,Q1,Q2,Q3,Q3,Q2,Q1,Q2,Q3,Q3,Q4,Q4,Q4,Q3,Q3,Q3,Q3,Q1,Q1,Q1,Q2,Q3,Q4,Q4,Q3,Q3,Q3,Q2,Q2,Q2,Q2,Q4,Q3,Q3,Q1,Q2,Q4,Q4,Q1,Q3,Q3,Q2,Q3,Q3,Q2,Q3,Q2,Q1,Q2,Q2,Q1,Q3,Q1,Q2,M
Q3,Q3,Q3,Q3,Q3,Q4,Q4,Q3,Q3,Q3,Q1,Q1,Q2,Q3,Q4,Q4,Q4,Q4,Q4,Q4,Q4,Q4,Q4,Q2,Q1,Q1,Q1,Q2,Q3,Q3,Q2,Q2,Q3,Q3,Q2,Q1,Q1,Q1,Q1,Q1,Q2,Q2,Q1,Q2,Q3,Q2,Q3,Q3,Q3,Q3,Q1,Q2,Q2,Q1,Q1,Q2,Q2,Q3,Q3,Q1,M
Q1,Q1,Q2,Q3,Q3,Q3,Q4,Q4,Q4,Q3,Q1,Q1,Q3,Q3,Q4,Q4,Q4,Q4,Q4,Q4,Q4,Q4,Q4,Q2,Q1,Q1,Q2,Q3,Q3,Q2,Q1,Q1,Q2,Q1,Q1,Q1,Q1,Q1,Q1,Q1,Q2,Q2,Q1,Q2,Q3,Q3,Q3,Q1,Q2,Q1,Q1,Q1,Q1,Q1,Q1,Q1,Q1,Q3,Q1,Q2,M
Q2,Q1,Q1,Q3,Q3,Q4,Q3,Q3,Q3,Q2,Q1,Q1,Q1,Q2,Q3,Q4,Q4,Q4,Q4,Q4,Q4,Q4,Q3,Q1,Q1,Q1,Q1,Q1,Q2,Q3,Q2,Q2,Q3,Q3,Q2,Q2,Q1,Q1,Q1,Q1,Q2,Q2,Q1,Q2,Q3,Q2,Q2,Q2,Q2,Q2,Q3,Q3,Q1,Q1,Q2,Q1,Q1,Q2,Q2,Q1,M
Q1,Q1,Q1,Q3,Q3,Q3,Q4,Q3,Q4,Q4,Q4,Q3,Q2,Q1,Q2,Q2,Q1,Q1,Q1,Q1,Q1,Q1,Q2,Q2,Q3,Q3,Q4,Q4,Q4,Q4,Q4,Q4,Q4,Q4,Q4,Q4,Q4,Q4,Q3,Q3,Q4,Q4,Q4,Q4,Q4,Q4,Q4,Q4,Q4,Q3,Q2,Q2,Q3,Q2,Q1,Q2,Q2,Q2,Q1,Q1,M
Q2,Q2,Q2,Q1,Q3,Q2,Q3,Q3,Q3,Q4,Q2,Q3,Q3,Q2,Q1,Q1,Q1,Q1,Q1,Q1,Q1,Q1,Q1,Q2,Q2,Q3,Q3,Q4,Q3,Q4,Q4,Q4,Q4,Q4,Q4,Q4,Q4,Q4,Q4,Q4,Q4,Q4,Q4,Q4,Q4,Q4,Q4,Q4,Q4,Q4,Q4,Q3,Q1,Q3,Q3,Q3,Q3,Q1,Q2,Q2,M
Q1,Q3,Q2,Q4,Q4,Q3,Q4,Q4,Q4,Q4,Q4,Q4,Q2,Q2,Q1,Q2,Q2,Q2,Q1,Q1,Q1,Q1,Q1,Q1,Q2,Q3,Q4,Q4,Q4,Q4,Q4,Q4,Q4,Q4,Q4,Q4,Q4,Q4,Q4,Q4,Q4,Q4,Q4,Q4,Q4,Q4,Q3,Q4,Q4,Q4,Q1,Q3,Q3,Q3,Q1,Q3,Q3,Q3,Q1,Q2,M
Q3,Q2,Q1,Q3,Q3,Q3,Q3,Q4,Q4,Q4,Q3,Q2,Q2,Q2,Q1,Q2,Q3,Q3,Q1,Q1,Q1,Q1,Q1,Q1,Q2,Q2,Q3,Q3,Q4,Q4,Q4,Q4,Q4,Q4,Q4,Q4,Q4,Q4,Q4,Q4,Q4,Q3,Q4,Q4,Q4,Q4,Q3,Q4,Q4,Q3,Q4,Q4,Q4,Q2,Q2,Q1,Q2,Q2,Q1,Q1,M
Q3,Q3,Q3,Q3,Q3,Q3,Q3,Q4,Q4,Q4,Q3,Q3,Q2,Q2,Q1,Q1,Q1,Q1,Q1,Q1,Q1,Q1,Q2,Q2,Q3,Q4,Q4,Q4,Q4,Q4,Q4,Q4,Q4,Q4,Q4,Q4,Q4,Q4,Q3,Q3,Q4,Q4,Q4,Q4,Q4,Q4,Q4,Q4,Q4,Q4,Q2,Q2,Q2,Q1,Q2,Q3,Q1,Q3,Q2,Q2,M
Q3,Q3,Q2,Q1,Q2,Q1,Q2,Q2,Q4,Q4,Q2,Q3,Q2,Q2,Q1,Q1,Q1,Q1,Q1,Q1,Q1,Q1,Q1,Q2,Q2,Q2,Q3,Q4,Q4,Q4,Q4,Q4,Q4,Q4,Q4,Q4,Q4,Q4,Q4,Q4,Q4,Q4,Q4,Q4,Q4,Q4,Q4,Q4,Q4,Q4,Q4,Q4,Q2,Q2,Q3,Q3,Q3,Q2,Q2,Q1,M
Q2,Q1,Q3,Q2,Q2,Q1,Q1,Q2,Q2,Q3,Q3,Q2,Q1,Q1,Q1,Q1,Q2,Q2,Q2,Q2,Q2,Q2,Q3,Q3,Q4,Q3,Q3,Q2,Q2,Q2,Q3,Q3,Q3,Q3,Q3,Q2,Q1,Q1,Q2,Q3,Q4,Q4,Q4,Q4,Q3,Q3,Q4,Q4,Q4,Q3,Q3,Q3,Q2,Q1,Q1,Q2,Q1,Q1,Q1,Q2,M
Q1,Q1,Q1,Q1,Q2,Q2,Q3,Q2,Q3,Q3,Q3,Q3,Q2,Q1,Q1,Q2,Q3,Q3,Q3,Q3,Q3,Q3,Q4,Q4,Q4,Q3,Q2,Q1,Q1,Q1,Q2,Q3,Q3,Q3,Q3,Q3,Q2,Q1,Q2,Q3,Q2,Q2,Q3,Q3,Q3,Q3,Q3,Q3,Q2,Q2,Q2,Q2,Q2,Q2,Q1,Q2,Q1,Q1,Q1,Q2,M
Q2,Q2,Q2,Q2,Q3,Q4,Q3,Q3,Q4,Q4,Q4,Q4,Q4,Q3,Q1,Q1,Q3,Q3,Q3,Q3,Q3,Q3,Q4,Q3,Q2,Q2,Q1,Q1,Q2,Q3,Q4,Q4,Q4,Q4,Q4,Q3,Q1,Q3,Q4,Q4,Q4,Q4,Q3,Q2,Q4,Q4,Q4,Q4,Q4,Q4,Q1,Q2,Q1,Q1,Q3,Q1,Q3,Q4,Q3,Q2,M
Q2,Q1,Q1,Q3,Q2,Q2,Q1,Q4,Q3,Q2,Q3,Q3,Q2,Q2,Q1,Q2,Q3,Q3,Q4,Q3,Q3,Q4,Q4,Q4,Q4,Q3,Q1,Q1,Q1,Q2,Q4,Q4,Q4,Q4,Q4,Q3,Q1,Q2,Q3,Q4,Q4,Q3,Q2,Q1,Q1,Q2,Q3,Q3,Q4,Q3,Q3,Q2,Q1,Q1,Q2,Q2,Q1,Q3,Q3,Q2,M
Q4,Q2,Q4,Q3,Q2,Q1,Q1,Q2,Q2,Q3,Q2,Q1,Q2,Q1,Q1,Q1,Q1,Q1,Q1,Q1,Q1,Q1,Q1,Q1,Q1,Q1,Q1,Q2,Q4,Q4,Q4,Q4,Q3,Q3,Q2,Q2,Q3,Q4,Q4,Q4,Q4,Q3,Q3,Q4,Q4,Q4,Q4,Q4,Q4,Q4,Q3,Q4,Q1,Q1,Q2,Q4,Q4,Q2,Q3,Q2,M
Q2,Q2,Q1,Q1,Q1,Q1,Q1,Q1,Q1,Q1,Q1,Q1,Q1,Q1,Q1,Q1,Q1,Q2,Q2,Q2,Q2,Q2,Q2,Q1,Q2,Q2,Q3,Q4,Q3,Q2,Q1,Q1,Q1,Q3,Q4,Q4,Q4,Q4,Q4,Q4,Q2,Q2,Q3,Q4,Q4,Q4,Q4,Q4,Q4,Q4,Q3,Q2,Q1,Q1,Q1,Q2,Q3,Q1,Q2,Q2,M
Q1,Q2,Q2,Q1,Q2,Q2,Q2,Q1,Q2,Q2,Q2,Q3,Q2,Q1,Q1,Q1,Q3,Q3,Q3,Q3,Q3,Q3,Q4,Q3,Q4,Q4,Q4,Q4,Q4,Q3,Q1,Q2,Q2,Q3,Q4,Q4,Q4,Q4,Q4,Q3,Q3,Q2,Q3,Q4,Q4,Q4,Q2,Q1,Q2,Q2,Q1,Q2,Q2,Q2,Q1,Q1,Q1,Q1,Q1,Q2,M
Q1,Q1,Q3,Q3,Q2,Q1,Q1,Q1,Q2,Q2,Q2,Q2,Q2,Q1,Q1,Q1,Q2,Q3,Q3,Q3,Q3,Q3,Q3,Q3,Q3,Q4,Q4,Q4,Q4,Q3,Q1,Q1,Q2,Q3,Q4,Q4,Q4,Q4,Q4,Q3,Q3,Q3,Q4,Q4,Q4,Q3,Q2,Q1,Q2,Q1,Q1,Q2,Q3,Q1,Q1,Q2,Q1,Q1,Q1,Q1,M
Q1,Q2,Q1,Q2,Q2,Q2,Q1,Q1,Q1,Q2,Q3,Q2,Q2,Q1,Q1,Q1,Q2,Q2,Q3,Q2,Q3,Q3,Q3,Q3,Q3,Q4,Q4,Q3,Q3,Q2,Q1,Q2,Q3,Q4,Q4,Q4,Q4,Q4,Q3,Q2,Q3,Q3,Q4,Q4,Q4,Q4,Q3,Q1,Q2,Q1,Q1,Q2,Q1,Q1,Q1,Q1,Q2,Q1,Q1,Q2,M
Q2,Q1,Q3,Q3,Q2,Q2,Q4,Q4,Q4,Q4,Q4,Q4,Q4,Q3,Q1,Q1,Q1,Q3,Q3,Q3,Q4,Q4,Q4,Q4,Q3,Q3,Q3,Q3,Q2,Q1,Q1,Q3,Q4,Q4,Q3,Q3,Q3,Q3,Q3,Q3,Q2,Q1,Q2,Q3,Q3,Q2,Q2,Q3,Q2,Q3,Q2,Q3,Q2,Q4,Q3,Q4,Q3,Q4,Q4,Q3,M
Q2,Q3,Q3,Q4,Q4,Q2,Q1,Q2,Q4,Q4,Q4,Q3,Q3,Q2,Q2,Q1,Q2,Q3,Q3,Q3,Q3,Q2,Q1,Q1,Q1,Q3,Q4,Q4,Q3,Q4,Q3,Q3,Q4,Q4,Q3,Q3,Q3,Q3,Q3,Q2,Q3,Q3,Q4,Q3,Q2,Q2,Q2,Q2,Q1,Q2,Q2,Q3,Q3,Q3,Q1,Q1,Q1,Q2,Q3,Q1,M
Q3,Q2,Q3,Q3,Q4,Q4,Q4,Q3,Q4,Q3,Q4,Q3,Q2,Q2,Q2,Q2,Q3,Q3,Q3,Q3,Q2,Q2,Q2,Q1,Q2,Q4,Q4,Q2,Q2,Q1,Q1,Q1,Q1,Q1,Q1,Q1,Q2,Q2,Q3,Q4,Q3,Q3,Q1,Q1,Q2,Q2,Q1,Q1,Q1,Q2,Q2,Q2,Q4,Q2,Q1,Q2,Q1,Q2,Q2,Q3,M
Q2,Q2,Q2,Q2,Q2,Q2,Q1,Q2,Q4,Q4,Q4,Q4,Q4,Q3,Q3,Q3,Q3,Q3,Q2,Q2,Q3,Q4,Q4,Q4,Q4,Q4,Q3,Q2,Q1,Q1,Q1,Q2,Q3,Q2,Q1,Q2,Q3,Q3,Q4,Q4,Q3,Q1,Q3,Q4,Q4,Q4,Q4,Q3,Q3,Q4,Q2,Q1,Q3,Q3,Q4,Q4,Q4,Q4,Q4,Q3,M
Q3,Q1,Q1,Q1,Q2,Q3,Q3,Q2,Q4,Q4,Q4,Q4,Q4,Q4,Q3,Q2,Q3,Q2,Q3,Q3,Q3,Q3,Q3,Q3,Q4,Q4,Q4,Q3,Q1,Q1,Q2,Q3,Q3,Q2,Q1,Q2,Q3,Q3,Q3,Q2,Q1,Q2,Q4,Q4,Q4,Q4,Q3,Q2,Q1,Q1,Q1,Q1,Q3,Q2,Q1,Q2,Q1,Q1,Q3,Q2,M
Q4,Q4,Q3,Q2,Q1,Q3,Q2,Q4,Q4,Q4,Q4,Q4,Q4,Q4,Q3,Q3,Q3,Q3,Q3,Q3,Q3,Q4,Q4,Q4,Q4,Q4,Q4,Q3,Q1,Q1,Q1,Q2,Q2,Q2,Q1,Q3,Q3,Q3,Q2,Q1,Q1,Q3,Q4,Q4,Q4,Q3,Q1,Q1,Q2,Q1,Q3,Q1,Q1,Q2,Q2,Q3,Q3,Q3,Q2,Q2,M
Q2,Q1,Q2,Q2,Q2,Q1,Q1,Q2,Q3,Q3,Q3,Q3,Q4,Q3,Q2,Q2,Q1,Q1,Q2,Q3,Q3,Q3,Q4,Q4,Q4,Q4,Q4,Q3,Q3,Q3,Q3,Q2,Q1,Q2,Q3,Q3,Q3,Q4,Q3,Q3,Q2,Q1,Q2,Q2,Q1,Q3,Q2,Q1,Q1,Q2,Q2,Q1,Q2,Q3,Q3,Q1,Q2,Q3,Q3,Q2,M
Q2,Q3,Q3,Q1,Q1,Q1,Q1,Q1,Q2,Q2,Q2,Q2,Q3,Q3,Q2,Q2,Q1,Q1,Q2,Q2,Q2,Q2,Q2,Q3,Q3,Q3,Q3,Q4,Q4,Q3,Q3,Q3,Q3,Q3,Q2,Q1,Q2,Q1,Q3,Q3,Q3,Q2,Q1,Q1,Q1,Q2,Q2,Q2,Q2,Q1,Q2,Q3,Q3,Q1,Q2,Q3,Q2,Q2,Q2,Q3,M
Q4,Q3,Q3,Q3,Q2,Q4,Q2,Q1,Q3,Q3,Q4,Q4,Q3,Q4,Q3,Q2,Q2,Q1,Q2,Q2,Q3,Q3,Q2,Q3,Q3,Q2,Q2,Q3,Q4,Q4,Q4,Q3,Q3,Q3,Q2,Q2,Q2,Q1,Q2,Q3,Q3,Q4,Q3,Q1,Q2,Q1,Q2,Q3,Q3,Q1,Q2,Q3,Q1,Q3,Q1,Q2,Q3,Q3,Q2,Q4,M
Q3,Q2,Q3,Q1,Q3,Q4,Q3,Q3,Q4,Q4,Q4,Q4,Q4,Q4,Q2,Q1,Q2,Q2,Q3,Q3,Q3,Q4,Q3,Q3,Q2,Q2,Q3,Q4,Q3,Q2,Q2,Q2,Q3,Q2,Q1,Q1,Q2,Q2,Q4,Q4,Q1,Q2,Q4,Q4,Q4,Q3,Q2,Q4,Q4,Q1,Q4,Q4,Q2,Q1,Q3,Q1,Q1,Q2,Q3,Q3,M
Q4,Q3,Q4,Q1,Q4,Q3,Q2,Q3,Q4,Q3,Q4,Q4,Q4,Q4,Q3,Q3,Q2,Q2,Q1,Q2,Q3,Q2,Q2,Q2,Q2,Q3,Q4,Q4,Q3,Q3,Q3,Q4,Q4,Q2,Q1,Q2,Q2,Q4,Q4,Q3,Q4,Q4,Q4,Q4,Q4,Q4,Q4,Q4,Q4,Q4,Q4,Q4,Q1,Q2,Q3,Q3,Q2,Q1,Q2,Q1,M
Q1,Q2,Q3,Q2,Q2,Q3,Q2,Q3,Q4,Q4,Q4,Q4,Q4,Q4,Q3,Q3,Q3,Q2,Q2,Q3,Q3,Q2,Q2,Q2,Q2,Q3,Q4,Q4,Q3,Q2,Q3,Q4,Q4,Q2,Q1,Q2,Q3,Q3,Q4,Q4,Q3,Q4,Q4,Q4,Q4,Q3,Q3,Q4,Q4,Q3,Q4,Q4,Q1,Q3,Q4,Q1,Q2,Q1,Q1,Q2,M
Q1,Q3,Q4,Q4,Q3,Q3,Q2,Q4,Q4,Q4,Q4,Q4,Q4,Q4,Q3,Q3,Q2,Q2,Q2,Q3,Q3,Q3,Q2,Q2,Q3,Q3,Q4,Q4,Q4,Q3,Q3,Q4,Q3,Q2,Q1,Q3,Q3,Q3,Q4,Q4,Q3,Q4,Q4,Q4,Q4,Q4,Q3,Q4,Q4,Q2,Q4,Q4,Q2,Q3,Q4,Q1,Q4,Q1,Q2,Q1,M
Q3,Q3,Q3,Q4,Q4,Q4,Q4,Q4,Q4,Q4,Q4,Q4,Q4,Q3,Q2,Q2,Q2,Q2,Q3,Q3,Q4,Q3,Q3,Q3,Q2,Q3,Q3,Q4,Q3,Q2,Q1,Q1,Q1,Q2,Q1,Q2,Q2,Q3,Q4,Q3,Q1,Q3,Q4,Q4,Q4,Q2,Q3,Q4,Q4,Q4,Q4,Q3,Q4,Q3,Q3,Q2,Q2,Q1,Q2,Q3,M
Q3,Q4,Q3,Q2,Q2,Q3,Q3,Q4,Q4,Q4,Q4,Q4,Q4,Q4,Q3,Q2,Q2,Q2,Q3,Q3,Q4,Q4,Q3,Q2,Q3,Q3,Q4,Q4,Q4,Q2,Q3,Q3,Q3,Q2,Q1,Q2,Q1,Q3,Q4,Q4,Q2,Q4,Q4,Q4,Q4,Q3,Q2,Q4,Q4,Q2,Q4,Q3,Q1,Q2,Q3,Q1,Q2,Q2,Q1,Q3,M
Q2,Q2,Q3,Q2,Q3,Q4,Q3,Q3,Q4,Q4,Q4,Q4,Q4,Q3,Q3,Q2,Q2,Q1,Q2,Q2,Q2,Q1,Q1,Q1,Q2,Q2,Q2,Q3,Q3,Q4,Q4,Q4,Q3,Q2,Q1,Q1,Q1,Q2,Q3,Q4,Q4,Q4,Q4,Q4,Q4,Q4,Q4,Q4,Q4,Q4,Q1,Q2,Q4,Q3,Q1,Q1,Q3,Q3,Q3,Q2,M
Q4,Q2,Q1,Q3,Q3,Q2,Q2,Q3,Q3,Q3,Q3,Q3,Q3,Q3,Q2,Q2,Q1,Q1,Q1,Q1,Q1,Q1,Q1,Q1,Q1,Q2,Q3,Q4,Q4,Q4,Q3,Q3,Q3,Q3,Q2,Q1,Q2,Q1,Q1,Q2,Q3,Q4,Q4,Q3,Q3,Q4,Q4,Q4,Q4,Q3,Q3,Q2,Q1,Q1,Q2,Q3,Q1,Q3,Q4,Q2,M
Q1,Q2,Q2,Q1,Q1,Q2,Q3,Q3,Q3,Q3,Q3,Q3,Q3,Q2,Q2,Q1,Q1,Q2,Q2,Q2,Q1,Q1,Q1,Q1,Q2,Q3,Q3,Q4,Q4,Q3,Q3,Q3,Q3,Q3,Q2,Q1,Q1,Q1,Q1,Q2,Q3,Q4,Q4,Q1,Q2,Q2,Q3,Q4,Q4,Q2,Q3,Q2,Q3,Q2,Q1,Q1,Q1,Q3,Q2,Q1,M
Q2,Q2,Q1,Q3,Q3,Q4,Q3,Q3,Q3,Q3,Q3,Q3,Q3,Q3,Q2,Q1,Q2,Q2,Q2,Q2,Q2,Q1,Q2,Q2,Q2,Q3,Q3,Q4,Q4,Q3,Q3,Q2,Q2,Q2,Q2,Q1,Q2,Q1,Q1,Q2,Q2,Q3,Q2,Q2,Q3,Q3,Q3,Q3,Q3,Q1,Q4,Q3,Q3,Q2,Q1,Q3,Q1,Q2,Q1,Q1,M
Q2,Q2,Q2,Q3,Q2,Q2,Q3,Q1,Q2,Q2,Q3,Q3,Q3,Q3,Q3,Q1,Q1,Q1,Q1,Q1,Q2,Q1,Q2,Q2,Q3,Q3,Q3,Q4,Q4,Q3,Q3,Q3,Q2,Q2,Q2,Q1,Q1,Q1,Q2,Q2,Q2,Q3,Q1,Q1,Q2,Q3,Q4,Q4,Q3,Q2,Q3,Q3,Q2,Q2,Q3,Q1,Q2,Q2,Q2,Q1,M
Q3,Q2,Q1,Q3,Q3,Q3,Q2,Q3,Q2,Q2,Q2,Q3,Q3,Q2,Q2,Q1,Q2,Q1,Q1,Q1,Q1,Q1,Q2,Q2,Q3,Q3,Q4,Q4,Q4,Q3,Q3,Q3,Q2,Q2,Q2,Q1,Q2,Q1,Q2,Q2,Q2,Q3,Q2,Q1,Q2,Q3,Q4,Q3,Q2,Q2,Q2,Q2,Q2,Q1,Q2,Q1,Q2,Q1,Q1,Q3,M
Q1,Q2,Q2,Q3,Q3,Q3,Q1,Q2,Q3,Q3,Q3,Q3,Q3,Q2,Q2,Q1,Q1,Q2,Q1,Q1,Q1,Q1,Q2,Q2,Q3,Q3,Q3,Q4,Q4,Q3,Q3,Q3,Q2,Q1,Q1,Q1,Q2,Q1,Q2,Q2,Q2,Q3,Q1,Q1,Q1,Q3,Q4,Q4,Q3,Q1,Q3,Q1,Q2,Q2,Q2,Q3,Q1,Q1,Q1,Q1,M
Q2,Q1,Q3,Q1,Q2,Q2,Q2,Q2,Q2,Q2,Q2,Q3,Q2,Q1,Q2,Q1,Q1,Q1,Q1,Q1,Q1,Q1,Q2,Q2,Q3,Q3,Q3,Q4,Q4,Q3,Q4,Q3,Q2,Q2,Q1,Q1,Q2,Q2,Q2,Q2,Q2,Q3,Q2,Q1,Q1,Q3,Q4,Q3,Q2,Q2,Q3,Q3,Q2,Q1,Q2,Q1,Q1,Q1,Q1,Q1,M
Q4,Q1,Q2,Q2,Q2,Q1,Q2,Q3,Q3,Q3,Q3,Q3,Q3,Q2,Q1,Q2,Q1,Q1,Q2,Q2,Q2,Q2,Q3,Q3,Q4,Q4,Q4,Q4,Q4,Q4,Q3,Q2,Q2,Q2,Q1,Q1,Q1,Q2,Q1,Q1,Q1,Q2,Q3,Q2,Q1,Q2,Q2,Q3,Q3,Q1,Q2,Q2,Q2,Q1,Q3,Q1,Q3,Q2,Q1,Q1,M
Q1,Q1,Q2,Q2,Q3,Q2,Q1,Q2,Q3,Q3,Q3,Q3,Q3,Q3,Q2,Q2,Q2,Q2,Q3,Q3,Q3,Q3,Q3,Q3,Q4,Q4,Q4,Q4,Q4,Q3,Q2,Q2,Q2,Q1,Q1,Q1,Q1,Q1,Q1,Q1,Q1,Q1,Q3,Q3,Q4,Q4,Q4,Q3,Q3,Q3,Q3,Q3,Q2,Q2,Q1,Q1,Q2,Q1,Q1,Q1,M
Q1,Q1,Q2,Q3,Q3,Q2,Q2,Q3,Q3,Q3,Q3,Q4,Q3,Q2,Q2,Q2,Q2,Q2,Q3,Q3,Q4,Q3,Q3,Q4,Q4,Q4,Q4,Q4,Q4,Q3,Q2,Q2,Q1,Q1,Q1,Q1,Q1,Q1,Q1,Q1,Q1,Q1,Q2,Q3,Q3,Q4,Q4,Q3,Q3,Q2,Q4,Q3,Q2,Q1,Q1,Q2,Q1,Q3,Q1,Q1,M
Q4,Q3,Q3,Q2,Q2,Q1,Q2,Q2,Q2,Q3,Q2,Q3,Q2,Q2,Q1,Q1,Q2,Q2,Q3,Q3,Q3,Q3,Q3,Q4,Q4,Q4,Q4,Q4,Q3,Q3,Q2,Q2,Q2,Q2,Q1,Q1,Q1,Q1,Q1,Q1,Q1,Q1,Q3,Q3,Q3,Q3,Q4,Q3,Q3,Q3,Q3,Q3,Q1,Q1,Q2,Q1,Q1,Q1,Q1,Q1,M
Q3,Q3,Q3,Q2,Q3,Q2,Q2,Q3,Q3,Q3,Q3,Q3,Q2,Q2,Q1,Q1,Q1,Q2,Q3,Q3,Q3,Q3,Q3,Q4,Q4,Q4,Q4,Q4,Q3,Q3,Q2,Q2,Q2,Q1,Q1,Q1,Q1,Q1,Q1,Q1,Q1,Q1,Q2,Q3,Q3,Q4,Q4,Q3,Q3,Q2,Q3,Q2,Q2,Q2,Q1,Q1,Q1,Q1,Q1,Q3,M
Q1,Q4,Q3,Q1,Q1,Q1,Q3,Q2,Q3,Q3,Q4,Q3,Q3,Q2,Q2,Q1,Q2,Q3,Q3,Q3,Q3,Q3,Q3,Q4,Q4,Q4,Q4,Q4,Q4,Q3,Q2,Q2,Q2,Q2,Q2,Q1,Q1,Q1,Q1,Q1,Q1,Q1,Q1,Q2,Q3,Q3,Q3,Q2,Q2,Q1,Q3,Q3,Q3,Q3,Q1,Q1,Q1,Q2,Q2,Q2,M
Q1,Q3,Q2,Q1,Q3,Q3,Q4,Q4,Q4,Q4,Q4,Q4,Q3,Q2,Q1,Q2,Q2,Q3,Q3,Q3,Q3,Q3,Q4,Q4,Q4,Q4,Q4,Q4,Q3,Q3,Q2,Q1,Q1,Q2,Q2,Q1,Q1,Q1,Q1,Q1,Q1,Q1,Q2,Q3,Q3,Q4,Q4,Q4,Q3,Q3,Q2,Q3,Q2,Q1,Q1,Q3,Q2,Q1,Q1,Q3,M
Q3,Q2,Q3,Q3,Q2,Q3,Q4,Q3,Q3,Q3,Q4,Q4,Q3,Q2,Q2,Q2,Q2,Q3,Q3,Q3,Q3,Q3,Q3,Q4,Q4,Q3,Q4,Q4,Q4,Q2,Q2,Q1,Q1,Q1,Q1,Q1,Q1,Q1,Q1,Q1,Q1,Q1,Q2,Q3,Q3,Q3,Q4,Q3,Q3,Q2,Q2,Q3,Q1,Q1,Q2,Q2,Q2,Q1,Q1,Q1,M
Q3,Q3,Q3,Q4,Q4,Q3,Q3,Q4,Q4,Q4,Q4,Q3,Q3,Q1,Q2,Q2,Q2,Q2,Q1,Q1,Q1,Q2,Q3,Q3,Q3,Q3,Q3,Q4,Q3,Q2,Q4,Q4,Q3,Q1,Q1,Q1,Q2,Q2,Q2,Q1,Q2,Q1,Q1,Q2,Q1,Q1,Q1,Q3,Q4,Q4,Q3,Q2,Q1,Q1,Q2,Q3,Q2,Q2,Q2,Q4,M
Q2,Q3,Q1,Q1,Q2,Q4,Q4,Q3,Q3,Q3,Q4,Q3,Q2,Q1,Q2,Q2,Q2,Q2,Q1,Q1,Q2,Q3,Q3,Q3,Q4,Q4,Q4,Q4,Q3,Q3,Q3,Q3,Q3,Q1,Q1,Q1,Q1,Q1,Q1,Q1,Q1,Q1,Q2,Q2,Q1,Q2,Q3,Q4,Q4,Q4,Q3,Q3,Q3,Q4,Q1,Q3,Q3,Q4,Q4,Q4,M
Q3,Q1,Q2,Q3,Q3,Q3,Q2,Q2,Q2,Q3,Q4,Q4,Q3,Q1,Q1,Q1,Q1,Q2,Q1,Q1,Q1,Q2,Q3,Q4,Q4,Q4,Q4,Q4,Q4,Q4,Q4,Q4,Q3,Q1,Q1,Q1,Q1,Q1,Q2,Q1,Q1,Q1,Q1,Q2,Q2,Q1,Q2,Q4,Q3,Q2,Q1,Q1,Q2,Q3,Q2,Q2,Q1,Q1,Q2,Q3,M
Q4,Q3,Q1,Q2,Q1,Q3,Q3,Q3,Q2,Q3,Q3,Q2,Q2,Q1,Q1,Q1,Q1,Q1,Q1,Q1,Q1,Q2,Q3,Q3,Q4,Q4,Q4,Q4,Q4,Q3,Q4,Q4,Q3,Q1,Q1,Q1,Q1,Q1,Q2,Q1,Q1,Q1,Q1,Q2,Q1,Q2,Q3,Q3,Q3,Q3,Q3,Q3,Q1,Q1,Q2,Q3,Q4,Q4,Q3,Q1,M
Q3,Q3,Q3,Q3,Q1,Q4,Q3,Q2,Q3,Q3,Q3,Q3,Q1,Q1,Q1,Q1,Q2,Q2,Q1,Q2,Q2,Q3,Q3,Q3,Q4,Q4,Q4,Q3,Q3,Q3,Q4,Q3,Q1,Q1,Q1,Q1,Q1,Q2,Q1,Q1,Q1,Q1,Q1,Q2,Q2,Q2,Q3,Q3,Q3,Q3,Q1,Q2,Q1,Q3,Q1,Q1,Q1,Q3,Q1,Q2,M
Q3,Q3,Q1,Q2,Q1,Q1,Q1,Q3,Q3,Q3,Q3,Q2,Q1,Q1,Q1,Q1,Q2,Q2,Q2,Q2,Q2,Q3,Q3,Q4,Q4,Q4,Q4,Q3,Q3,Q4,Q4,Q3,Q1,Q1,Q1,Q2,Q2,Q1,Q1,Q1,Q1,Q2,Q3,Q3,Q2,Q3,Q2,Q1,Q1,Q1,Q3,Q3,Q3,Q1,Q1,Q2,Q2,Q1,Q2,Q4,M
